Outlet_Identifier,Item_Identifier
OUT049,FDW58
OUT017,FDW14
OUT010,NCN55
OUT017,FDQ58
OUT027,FDY38
OUT046,FDH56
OUT018,FDL48
OUT027,FDC48
OUT045,FDN33
OUT017,FDA36
OUT017,FDT44
OUT045,FDQ56
OUT019,NCC54
OUT049,FDU11
OUT013,DRL59
OUT049,FDM24
OUT045,FDI57
OUT018,DRC12
OUT027,NCM42
OUT010,FDA46
OUT013,FDA31
OUT035,NCJ31
OUT046,FDG52
OUT019,NCL19
OUT035,FDS10
OUT010,FDX22
OUT035,NCF19
OUT046,NCE06
OUT046,DRC27
OUT035,FDE21
OUT019,NCR42
OUT018,FDX51
OUT018,NCR06
OUT027,FDU31
OUT017,FDU59
OUT027,FDR03
OUT027,FDS49
OUT010,FDD48
OUT017,NCF18
OUT027,NCD43
OUT018,NCD54
OUT010,FDY19
OUT017,NCY54
OUT018,NCL19
OUT010,FDP23
OUT013,FDC26
OUT010,FDR14
OUT035,NCS41
OUT035,FDF41
OUT046,FDU34
OUT046,DRH11
OUT013,FDM03
OUT017,FDS31
OUT017,FDJ20
OUT027,FDV44
OUT049,FDG02
OUT013,FDA09
OUT013,FDT04
OUT019,FDL58
OUT045,FDE52
OUT035,FDW12
OUT017,FDL51
OUT027,NCY42
OUT017,FDR07
OUT045,FDN40
OUT027,FDB35
OUT017,FDA22
OUT046,NCL06
OUT013,FDI35
OUT045,NCW42
OUT049,NCX06
OUT027,FDC37
OUT018,FDZ14
OUT049,DRG49
OUT045,NCG06
OUT045,DRC36
OUT019,FDV21
OUT046,FDB53
OUT019,DRP47
OUT013,FDA14
OUT035,DRC24
OUT018,FDW21
OUT046,NCH29
OUT013,FDU58
OUT017,FDY27
OUT035,FDV56
OUT046,FDT59
OUT046,FDB23
OUT045,FDR49
OUT010,FDB03
OUT045,FDN39
OUT027,FDX02
OUT027,FDQ16
OUT018,FDU35
OUT013,NCT29
OUT046,FDZ27
OUT017,FDN57
OUT018,FDA03
OUT045,FDZ36
OUT013,NCU05
OUT018,FDT39
OUT017,FDK60
OUT017,FDZ25
OUT046,FDG12
OUT019,DRB01
OUT027,NCC43
OUT019,FDX13
OUT049,FDM22
OUT027,FDJ03
OUT018,FDU14
OUT010,FDB33
OUT046,FDP27
OUT010,FDO38
OUT027,FDE28
OUT035,FDO27
OUT027,DRL23
OUT046,FDS28
OUT013,FDX24
OUT035,FDZ02
OUT045,FDL46
OUT027,FDS60
OUT017,NCO06
OUT035,FDO16
OUT049,FDC60
OUT018,FDA48
OUT027,FDZ36
OUT045,FDK27
OUT018,FDW23
OUT018,FDM14
OUT013,FDM14
OUT018,FDW60
OUT013,FDE21
OUT035,NCM42
OUT010,FDY59
OUT049,DRI49
OUT019,FDT28
OUT018,FDQ22
OUT049,FDR60
OUT019,FDC50
OUT013,FDV24
OUT010,DRF48
OUT046,FDQ47
OUT049,DRN36
OUT035,NCY06
OUT035,FDE52
OUT045,NCB54
OUT035,NCF31
OUT027,FDJ08
OUT017,NCC07
OUT027,NCD19
OUT049,FDL46
OUT045,FDM20
OUT010,NCI06
OUT035,DRM11
OUT018,NCH07
OUT013,FDS23
OUT018,FDO49
OUT049,FDS35
OUT045,DRK39
OUT049,DRI39
OUT017,FDV04
OUT035,NCN14
OUT013,FDH08
OUT046,FDS20
OUT049,FDV40
OUT010,FDZ48
OUT027,FDS24
OUT049,FDK44
OUT045,FDS48
OUT010,FDK26
OUT045,FDD23
OUT017,NCH54
OUT010,NCP14
OUT010,FDM60
OUT017,FDV24
OUT018,FDH08
OUT027,FDS12
OUT027,FDR39
OUT027,FDP12
OUT027,DRF60
OUT035,FDC09
OUT018,FDF50
OUT035,FDG28
OUT017,NCE19
OUT010,NCM53
OUT049,NCN18
OUT035,FDF32
OUT013,FDF11
OUT049,DRI59
OUT035,NCG54
OUT046,FDM44
OUT018,FDT57
OUT046,FDV24
OUT019,FDI50
OUT035,FDS09
OUT027,NCC31
OUT019,FDQ07
OUT017,FDC22
OUT046,FDZ56
OUT019,FDZ40
OUT027,FDS46
OUT045,DRD24
OUT017,FDV45
OUT045,FDL26
OUT018,FDA56
OUT046,FDN27
OUT049,FDM20
OUT017,FDO16
OUT035,FDL03
OUT046,FDE58
OUT027,FDI02
OUT019,NCC55
OUT018,FDR03
OUT017,FDB14
OUT013,FDR45
OUT017,NCN07
OUT019,FDM51
OUT027,FDT52
OUT046,FDL26
OUT046,NCZ42
OUT019,DRI47
OUT013,FDW40
OUT046,FDN34
OUT035,FDS01
OUT045,NCG55
OUT035,FDC11
OUT018,FDX35
OUT046,NCB06
OUT019,FDR09
OUT017,FDC53
OUT013,FDY45
OUT010,FDA22
OUT035,FDE02
OUT045,FDW21
OUT046,FDV34
OUT049,FDS59
OUT017,NCW17
OUT046,NCK54
OUT019,FDG17
OUT017,FDG35
OUT010,FDD08
OUT017,NCO07
OUT010,FDJ10
OUT017,FDW36
OUT010,FDW21
OUT017,FDY19
OUT013,DRE03
OUT049,NCC55
OUT010,FDH52
OUT017,FDO09
OUT045,FDU43
OUT010,FDX09
OUT019,FDH40
OUT017,FDW58
OUT017,FDC47
OUT035,NCR41
OUT035,DRG49
OUT027,FDC52
OUT046,FDY13
OUT013,FDY35
OUT017,FDI35
OUT049,NCU18
OUT018,FDY33
OUT027,FDC15
OUT049,FDU01
OUT046,NCU42
OUT018,NCV29
OUT017,NCY30
OUT049,FDQ46
OUT027,FDG58
OUT017,FDK33
OUT045,NCD07
OUT027,NCX29
OUT013,NCT42
OUT035,DRN59
OUT035,FDI44
OUT049,FDA45
OUT045,FDP31
OUT046,FDY01
OUT018,FDT09
OUT027,DRH03
OUT018,FDA36
OUT017,NCF31
OUT049,FDG14
OUT027,FDG28
OUT049,FDU14
OUT019,FDY47
OUT049,FDI56
OUT013,DRD01
OUT046,FDM22
OUT013,FDH33
OUT013,DRZ24
OUT046,NCQ38
OUT027,FDO16
OUT027,FDU07
OUT013,NCB07
OUT045,FDU48
OUT045,NCM43
OUT010,FDR31
OUT018,DRK49
OUT010,NCI30
OUT017,DRD60
OUT046,NCG19
OUT035,FDH12
OUT035,FDM32
OUT035,FDM27
OUT027,NCU53
OUT046,NCQ18
OUT013,FDS10
OUT027,FDB33
OUT013,FDI12
OUT013,NCW42
OUT018,NCC06
OUT017,FDW02
OUT017,NCD43
OUT018,FDM57
OUT017,FDA58
OUT046,FDK56
OUT045,FDP52
OUT018,FDW20
OUT049,FDS52
OUT018,NCT29
OUT013,NCL54
OUT045,FDC05
OUT035,FDF34
OUT027,FDP03
OUT010,FDD32
OUT045,FDZ10
OUT035,FDZ40
OUT018,FDD51
OUT019,NCY30
OUT017,FDP58
OUT017,FDV49
OUT019,FDY24
OUT017,NCO55
OUT017,FDR13
OUT017,FDS51
OUT045,FDP26
OUT027,NCB54
OUT017,FDF32
OUT018,FDN31
OUT017,DRM48
OUT049,FDN20
OUT046,DRL01
OUT049,FDV56
OUT027,DRH13
OUT017,FDA03
OUT027,FDF47
OUT046,FDX32
OUT049,FDX57
OUT045,NCA30
OUT013,FDO49
OUT019,FDL04
OUT035,DRM48
OUT013,FDR16
OUT018,NCC19
OUT045,NCE42
OUT017,FDY24
OUT049,FDH19
OUT013,FDJ46
OUT010,FDN45
OUT035,FDY08
OUT035,FDZ37
OUT045,NCT30
OUT018,DRY23
OUT018,NCZ30
OUT018,FDC44
OUT035,FDB45
OUT013,FDY04
OUT046,FDM27
OUT017,FDZ43
OUT019,FDT39
OUT019,NCC06
OUT027,FDL15
OUT017,FDL57
OUT046,FDU08
OUT017,FDK40
OUT010,FDQ12
OUT017,FDS48
OUT045,FDP09
OUT049,FDW21
OUT035,FDY25
OUT017,DRE13
OUT019,FDV43
OUT045,FDD22
OUT019,FDM46
OUT010,NCO30
OUT046,FDM25
OUT049,NCN41
OUT045,FDU24
OUT046,FDZ50
OUT013,FDP45
OUT045,NCM54
OUT019,FDW10
OUT017,FDP20
OUT046,FDK32
OUT049,FDN52
OUT045,FDM58
OUT027,FDZ46
OUT018,NCA18
OUT046,FDD35
OUT035,NCK31
OUT027,FDI40
OUT019,FDT50
OUT046,NCT06
OUT035,FDT31
OUT049,FDT45
OUT045,FDT13
OUT045,FDO50
OUT010,NCU18
OUT049,NCR54
OUT018,NCO18
OUT045,FDU09
OUT018,FDT13
OUT046,FDE09
OUT019,NCK53
OUT049,FDG45
OUT035,DRH15
OUT019,FDO21
OUT027,FDD14
OUT046,FDC09
OUT027,FDH45
OUT046,FDV32
OUT035,FDG12
OUT013,FDS32
OUT018,NCL55
OUT035,DRE01
OUT049,DRE15
OUT045,NCL42
OUT013,FDP31
OUT018,FDN33
OUT046,FDZ59
OUT010,FDE45
OUT013,FDJ07
OUT018,FDQ45
OUT027,FDM33
OUT010,FDO15
OUT013,FDM46
OUT045,FDR03
OUT018,FDY49
OUT045,FDQ60
OUT049,FDW10
OUT049,FDO51
OUT018,FDJ40
OUT018,FDS20
OUT013,FDU45
OUT035,FDV02
OUT046,FDN09
OUT027,NCM55
OUT018,FDN23
OUT010,FDY31
OUT010,FDW03
OUT046,FDD14
OUT017,FDV23
OUT045,DRI03
OUT035,FDN13
OUT027,FDF45
OUT035,FDU46
OUT049,FDB57
OUT049,FDV12
OUT013,FDQ58
OUT017,NCA18
OUT049,FDH52
OUT018,FDM24
OUT027,NCP43
OUT019,NCO18
OUT017,FDM32
OUT017,NCL07
OUT013,FDK03
OUT017,FDP59
OUT049,FDQ24
OUT018,FDQ16
OUT013,FDU44
OUT010,FDH28
OUT019,FDV28
OUT045,FDM22
OUT046,FDR56
OUT049,FDV39
OUT019,FDU37
OUT010,FDQ11
OUT045,FDX02
OUT018,NCS42
OUT027,FDY57
OUT049,FDB21
OUT017,FDE28
OUT017,FDQ55
OUT049,FDA48
OUT045,FDZ19
OUT045,NCC43
OUT046,NCV18
OUT018,NCA42
OUT046,FDY45
OUT045,NCC30
OUT013,FDM57
OUT010,FDL09
OUT027,FDB09
OUT035,FDT44
OUT027,NCT06
OUT049,FDX26
OUT013,FDK32
OUT046,DRA12
OUT010,FDO46
OUT013,FDE52
OUT045,NCH42
OUT035,FDV08
OUT018,FDB47
OUT010,FDC28
OUT046,FDD22
OUT027,FDS07
OUT045,DRI13
OUT018,FDG32
OUT017,FDU14
OUT019,FDD28
OUT017,NCP41
OUT049,FDS08
OUT045,FDX47
OUT019,FDC53
OUT035,FDQ19
OUT045,FDL14
OUT019,FDM33
OUT045,FDA51
OUT018,FDZ27
OUT046,FDT04
OUT049,DRC13
OUT027,FDR16
OUT027,FDQ03
OUT035,FDE38
OUT027,DRH23
OUT019,FDT11
OUT035,FDD09
OUT045,FDR40
OUT017,FDX07
OUT035,FDR07
OUT017,FDA51
OUT019,FDT59
OUT017,FDF20
OUT045,FDR13
OUT049,FDY26
OUT017,FDW04
OUT017,FDK52
OUT049,FDN60
OUT019,FDM09
OUT049,FDP46
OUT019,FDB50
OUT049,NCQ29
OUT027,FDP16
OUT018,FDX33
OUT010,FDP07
OUT046,FDN22
OUT049,FDF39
OUT017,FDS21
OUT013,NCM42
OUT019,FDK50
OUT027,DRF13
OUT018,FDH35
OUT018,FDP60
OUT027,DRJ49
OUT019,NCT42
OUT049,FDE38
OUT049,FDI04
OUT045,NCH54
OUT049,FDT56
OUT018,DRD15
OUT013,FDV58
OUT049,FDP21
OUT013,FDH05
OUT027,FDR10
OUT045,NCP06
OUT049,FDF33
OUT013,DRK37
OUT045,DRH49
OUT013,FDT58
OUT018,FDD41
OUT018,FDP40
OUT027,FDM51
OUT010,FDO45
OUT010,FDW33
OUT045,FDY24
OUT010,FDB10
OUT035,FDM40
OUT017,NCI06
OUT019,FDW12
OUT027,FDX48
OUT027,NCW05
OUT017,FDX27
OUT045,DRM37
OUT045,FDA38
OUT046,FDR36
OUT046,FDZ45
OUT017,FDG05
OUT013,FDK28
OUT045,FDV47
OUT045,FDN21
OUT027,FDP20
OUT045,FDI35
OUT013,DRY23
OUT017,FDA56
OUT013,FDB09
OUT027,NCO26
OUT018,FDQ49
OUT027,FDI52
OUT027,FDZ44
OUT018,FDZ09
OUT049,FDY03
OUT017,NCG42
OUT027,DRI13
OUT013,FDQ32
OUT035,FDW16
OUT046,FDU27
OUT010,FDR28
OUT010,FDQ49
OUT046,FDS37
OUT018,FDW26
OUT018,FDX12
OUT013,NCP06
OUT010,FDW45
OUT049,NCN30
OUT049,FDN24
OUT027,NCL41
OUT019,FDR02
OUT010,FDD09
OUT010,FDS33
OUT045,FDU22
OUT013,FDI53
OUT049,DRH01
OUT013,FDX32
OUT018,NCP30
OUT045,FDB60
OUT049,FDB14
OUT035,NCP02
OUT017,FDJ10
OUT046,FDG34
OUT017,NCB18
OUT049,FDM16
OUT018,FDW25
OUT010,FDB35
OUT013,DRN11
OUT019,FDF41
OUT045,FDH16
OUT018,NCQ50
OUT018,DRH23
OUT013,DRJ37
OUT027,DRJ24
OUT035,FDY16
OUT045,FDQ27
OUT045,FDZ33
OUT045,FDF29
OUT049,FDA08
OUT046,FDG31
OUT019,FDE34
OUT027,NCR30
OUT035,FDV33
OUT018,DRZ24
OUT035,NCL54
OUT049,FDR12
OUT046,NCC54
OUT013,DRN59
OUT019,FDX50
OUT027,FDV31
OUT027,NCA29
OUT049,FDW60
OUT017,FDX08
OUT013,DRD49
OUT046,FDD33
OUT013,FDW35
OUT017,FDJ36
OUT035,FDV51
OUT046,FDW36
OUT046,FDH35
OUT027,NCS30
OUT017,FDN49
OUT018,FDL08
OUT013,FDI09
OUT018,FDP19
OUT010,FDU21
OUT045,NCP41
OUT013,FDY10
OUT018,FDP12
OUT049,NCN26
OUT013,FDK44
OUT049,FDC28
OUT027,FDJ41
OUT035,NCT29
OUT019,NCH42
OUT018,FDU60
OUT045,FDS02
OUT046,FDC51
OUT013,FDU03
OUT045,FDX39
OUT010,NCY05
OUT027,NCL06
OUT035,FDD32
OUT045,NCN41
OUT049,NCX53
OUT019,FDU57
OUT046,FDQ23
OUT045,FDQ52
OUT045,FDC14
OUT035,FDY09
OUT045,FDQ28
OUT046,FDV25
OUT035,FDJ07
OUT049,DRB25
OUT019,FDK52
OUT027,FDY52
OUT046,FDB28
OUT035,FDT36
OUT017,FDV25
OUT027,NCN07
OUT017,FDC57
OUT018,FDQ03
OUT017,FDU23
OUT035,NCX41
OUT035,NCD06
OUT045,FDW08
OUT017,NCU29
OUT013,NCE06
OUT010,FDV52
OUT017,FDB02
OUT045,NCR18
OUT049,FDK16
OUT010,NCQ29
OUT019,FDZ01
OUT035,FDW27
OUT018,FDD17
OUT013,FDW39
OUT045,DRH59
OUT013,FDS52
OUT027,FDU40
OUT013,NCF54
OUT045,FDH46
OUT049,NCP14
OUT049,FDH50
OUT010,DRF15
OUT027,FDV27
OUT049,NCJ06
OUT018,FDN02
OUT049,FDQ51
OUT017,FDQ07
OUT049,FDS45
OUT045,NCJ06
OUT035,FDD36
OUT045,FDY25
OUT046,FDU52
OUT017,DRK47
OUT017,NCL30
OUT035,FDN22
OUT027,NCF30
OUT035,FDK03
OUT017,FDT45
OUT027,NCC54
OUT018,FDP08
OUT046,FDU44
OUT035,DRG39
OUT049,FDU32
OUT049,FDY27
OUT013,NCP54
OUT049,NCZ41
OUT013,DRL49
OUT018,FDI05
OUT045,FDY56
OUT013,DRC13
OUT017,NCV29
OUT049,FDR24
OUT018,FDZ34
OUT035,FDP37
OUT027,FDX08
OUT045,FDS57
OUT049,NCG18
OUT018,FDK25
OUT049,FDH53
OUT018,DRI59
OUT046,FDA52
OUT010,FDT20
OUT019,FDE36
OUT017,FDI24
OUT018,FDB28
OUT017,FDV11
OUT046,FDP01
OUT027,FDD34
OUT027,FDJ50
OUT013,FDZ44
OUT035,DRO59
OUT045,DRB48
OUT018,FDR21
OUT010,NCE42
OUT046,FDO23
OUT018,NCE30
OUT035,FDQ22
OUT045,FDY01
OUT017,FDS08
OUT018,FDG28
OUT018,FDQ51
OUT017,FDB05
OUT049,FDO56
OUT018,FDE02
OUT017,FDN45
OUT013,FDS09
OUT018,NCA54
OUT010,FDP09
OUT045,FDC53
OUT017,NCM55
OUT018,FDL09
OUT019,FDA11
OUT045,FDA50
OUT017,FDC23
OUT049,FDE22
OUT046,FDD23
OUT049,NCA29
OUT046,FDK38
OUT046,DRC13
OUT049,NCP43
OUT049,FDX28
OUT049,FDF08
OUT046,FDZ33
OUT049,FDD10
OUT017,FDO58
OUT017,FDI50
OUT045,FDO58
OUT013,FDX08
OUT010,NCK17
OUT035,FDF39
OUT010,FDU45
OUT018,NCJ18
OUT019,DRC27
OUT035,DRC25
OUT035,FDU59
OUT035,FDU28
OUT046,NCP30
OUT018,FDB39
OUT013,FDE41
OUT010,DRH11
OUT045,FDA58
OUT046,FDU50
OUT013,FDM34
OUT027,FDM44
OUT045,FDR39
OUT045,FDM25
OUT049,FDQ49
OUT018,DRH25
OUT027,FDM09
OUT019,FDL44
OUT018,NCR42
OUT046,DRL59
OUT013,FDX43
OUT010,DRK47
OUT018,FDU48
OUT045,FDY12
OUT018,NCN43
OUT018,NCM55
OUT027,FDQ21
OUT035,FDX13
OUT027,NCK30
OUT049,FDG20
OUT017,DRG27
OUT018,FDY14
OUT035,FDP59
OUT017,FDU60
OUT019,NCC18
OUT017,DRJ39
OUT049,FDS07
OUT027,FDM08
OUT045,FDP51
OUT035,FDU16
OUT013,FDH12
OUT010,DRE48
OUT027,NCL42
OUT045,FDR21
OUT035,NCW29
OUT013,FDO11
OUT049,NCM31
OUT019,FDV35
OUT017,FDF58
OUT049,NCE43
OUT035,FDA02
OUT010,DRL37
OUT018,FDR24
OUT049,FDW59
OUT049,FDS22
OUT017,FDW24
OUT035,FDU24
OUT027,FDA21
OUT027,FDH58
OUT018,FDW36
OUT027,FDI45
OUT018,FDU01
OUT027,FDF35
OUT019,FDU43
OUT019,FDE24
OUT049,FDK50
OUT045,FDG31
OUT045,FDC60
OUT013,FDL36
OUT013,FDP21
OUT045,FDW16
OUT017,FDX02
OUT027,FDQ58
OUT046,FDT51
OUT049,FDD59
OUT018,NCM42
OUT018,FDA57
OUT035,FDZ48
OUT045,FDE46
OUT019,NCZ30
OUT017,FDB56
OUT027,FDA25
OUT013,FDD20
OUT013,FDL25
OUT049,NCO18
OUT017,FDJ45
OUT035,FDR12
OUT010,NCF19
OUT046,FDK25
OUT046,NCR17
OUT046,FDC52
OUT017,NCA54
OUT010,FDR45
OUT049,NCM19
OUT027,FDF39
OUT049,FDX23
OUT027,FDD58
OUT013,FDX28
OUT013,NCD31
OUT018,FDU57
OUT046,FDI27
OUT046,NCM42
OUT027,FDD32
OUT013,FDI34
OUT049,NCM29
OUT018,FDG46
OUT010,DRC01
OUT027,FDB15
OUT027,NCA17
OUT046,FDF10
OUT027,FDR26
OUT049,FDI02
OUT010,NCM54
OUT013,FDF14
OUT010,FDJ33
OUT035,FDM20
OUT027,FDC03
OUT046,NCX05
OUT027,NCM41
OUT010,NCU29
OUT017,FDQ59
OUT010,FDH46
OUT013,FDH09
OUT045,NCD06
OUT035,FDC15
OUT027,DRD37
OUT027,FDT28
OUT027,FDR28
OUT017,FDT38
OUT027,FDV34
OUT035,FDY52
OUT013,FDB34
OUT018,DRL23
OUT046,DRB24
OUT046,FDJ50
OUT035,FDQ49
OUT035,FDP20
OUT027,FDV19
OUT045,NCR54
OUT010,FDO09
OUT018,FDS57
OUT049,FDN10
OUT049,FDV23
OUT049,FDY28
OUT013,DRG51
OUT019,FDD45
OUT027,NCL18
OUT013,NCM29
OUT027,FDF17
OUT017,FDE22
OUT017,FDQ22
OUT013,FDS01
OUT027,FDW35
OUT046,FDJ33
OUT035,NCF54
OUT013,FDE09
OUT045,NCE06
OUT049,DRH49
OUT045,FDY43
OUT017,NCT05
OUT045,FDZ34
OUT017,FDL38
OUT017,FDZ31
OUT035,FDR14
OUT049,NCN54
OUT027,NCC42
OUT017,FDK08
OUT013,FDP59
OUT035,FDV22
OUT035,FDD33
OUT027,DRE60
OUT046,FDK52
OUT017,FDA02
OUT049,FDM56
OUT035,FDE57
OUT045,FDM32
OUT027,NCQ30
OUT027,FDQ27
OUT027,FDT60
OUT049,FDU43
OUT035,NCO55
OUT045,FDG02
OUT013,FDJ28
OUT045,FDP40
OUT045,FDJ38
OUT017,NCC54
OUT046,NCZ41
OUT019,FDK38
OUT013,FDU52
OUT046,FDC40
OUT017,NCR30
OUT017,NCN18
OUT035,FDB50
OUT013,FDG04
OUT035,FDR26
OUT018,NCT17
OUT027,FDX35
OUT046,FDS12
OUT027,NCZ29
OUT010,FDB38
OUT013,FDP12
OUT046,FDP22
OUT018,FDS26
OUT046,FDR52
OUT046,DRJ13
OUT027,FDU48
OUT035,FDE29
OUT049,NCT29
OUT018,DRK37
OUT046,FDK55
OUT046,FDR07
OUT027,FDO21
OUT049,FDK46
OUT045,FDB12
OUT027,FDT31
OUT045,FDJ33
OUT027,FDC26
OUT045,NCQ02
OUT010,FDP08
OUT027,FDB11
OUT013,FDV55
OUT049,FDW20
OUT019,NCJ18
OUT018,FDC41
OUT027,FDE14
OUT013,FDG35
OUT035,FDF45
OUT027,FDS19
OUT019,FDS58
OUT017,FDA26
OUT049,FDM32
OUT046,FDL45
OUT049,FDZ55
OUT049,FDY37
OUT046,FDO46
OUT046,FDQ60
OUT018,FDA19
OUT046,FDL15
OUT018,FDM10
OUT017,NCL05
OUT010,DRK49
OUT027,NCE18
OUT049,FDG40
OUT045,DRI59
OUT035,FDK28
OUT019,NCD06
OUT019,FDO11
OUT046,FDK27
OUT027,FDT43
OUT018,FDD38
OUT049,FDA16
OUT027,FDL14
OUT049,NCM17
OUT045,FDD20
OUT045,FDA40
OUT045,FDL43
OUT045,FDV15
OUT046,FDE52
OUT010,NCL17
OUT045,NCJ31
OUT045,FDR60
OUT035,NCA18
OUT027,FDS21
OUT035,FDW09
OUT035,FDL26
OUT018,FDS47
OUT046,FDC39
OUT035,FDT51
OUT035,FDK40
OUT045,NCG19
OUT046,FDZ07
OUT027,FDF08
OUT013,FDO04
OUT018,FDK41
OUT049,FDP15
OUT018,NCD43
OUT013,NCP18
OUT046,FDZ51
OUT035,DRH13
OUT045,FDF38
OUT045,NCI43
OUT027,FDM38
OUT013,FDS03
OUT017,DRJ47
OUT010,FDT50
OUT046,FDV02
OUT017,NCG18
OUT046,FDW52
OUT035,FDS40
OUT017,FDN31
OUT045,FDA37
OUT046,FDA15
OUT046,FDL39
OUT045,FDJ53
OUT013,FDX22
OUT045,NCZ42
OUT027,FDD56
OUT017,FDD40
OUT013,FDS50
OUT013,NCN14
OUT013,FDT15
OUT027,NCS18
OUT010,NCO26
OUT018,FDF58
OUT013,NCB19
OUT017,FDH26
OUT027,DRB24
OUT018,FDA49
OUT045,FDB32
OUT017,FDI36
OUT010,NCA17
OUT013,FDH22
OUT018,NCM26
OUT027,FDT15
OUT018,FDB16
OUT027,NCP54
OUT013,FDJ36
OUT045,FDO28
OUT013,FDU09
OUT017,FDF29
OUT013,FDY08
OUT018,DRJ59
OUT027,FDT23
OUT018,FDU15
OUT013,FDT47
OUT019,FDI53
OUT018,FDR59
OUT035,FDD53
OUT017,FDY51
OUT049,FDT04
OUT049,FDU51
OUT035,FDG14
OUT045,NCU06
OUT046,DRG25
OUT035,DRH49
OUT035,FDN15
OUT018,FDL43
OUT049,NCT18
OUT013,NCB31
OUT035,FDK57
OUT019,FDY04
OUT046,NCP54
OUT013,FDF41
OUT045,FDM01
OUT045,FDW03
OUT045,FDF28
OUT017,FDY37
OUT017,FDQ03
OUT027,FDP51
OUT017,FDJ40
OUT049,FDC32
OUT027,DRI49
OUT017,NCW54
OUT017,FDF09
OUT018,FDP45
OUT018,DRJ23
OUT017,FDS59
OUT046,FDY08
OUT049,FDX16
OUT018,FDY16
OUT035,FDK32
OUT013,FDQ22
OUT018,NCC31
OUT049,FDG58
OUT013,DRF48
OUT049,DRH36
OUT035,NCR30
OUT019,FDB03
OUT027,FDZ28
OUT017,FDR35
OUT027,DRD15
OUT019,FDJ33
OUT010,FDA56
OUT046,FDP56
OUT046,NCT30
OUT017,FDK15
OUT018,FDH44
OUT013,FDV01
OUT017,DRG03
OUT027,FDG50
OUT010,FDR16
OUT046,FDZ60
OUT045,DRG03
OUT018,FDS56
OUT045,FDU33
OUT035,DRD27
OUT046,FDW22
OUT045,DRA24
OUT049,FDF38
OUT013,FDX48
OUT018,FDS58
OUT046,FDC32
OUT045,NCQ29
OUT018,DRK39
OUT017,NCS38
OUT013,DRO47
OUT027,DRG27
OUT027,FDC57
OUT046,FDS55
OUT018,NCJ06
OUT019,FDO01
OUT045,NCM55
OUT049,FDC52
OUT045,FDQ15
OUT027,NCT30
OUT027,NCR42
OUT035,FDD28
OUT049,FDQ34
OUT027,FDZ12
OUT019,DRE13
OUT019,NCN07
OUT035,FDM28
OUT017,FDI10
OUT013,FDQ25
OUT010,FDA38
OUT049,DRI13
OUT027,FDY20
OUT035,NCZ53
OUT013,NCM31
OUT017,DRB01
OUT046,DRF37
OUT049,NCF42
OUT018,FDF16
OUT013,FDB41
OUT013,FDR34
OUT018,FDR15
OUT019,NCV42
OUT035,FDW51
OUT017,FDU36
OUT049,FDX60
OUT035,FDY03
OUT045,FDW55
OUT010,FDT01
OUT013,FDG58
OUT017,FDK21
OUT019,NCS41
OUT045,FDS10
OUT046,NCT53
OUT018,FDJ28
OUT045,FDX44
OUT018,FDT20
OUT017,FDO44
OUT049,NCX17
OUT017,FDY01
OUT027,FDJ12
OUT018,DRK35
OUT019,FDD47
OUT035,NCM53
OUT013,FDO45
OUT010,NCM42
OUT046,FDE04
OUT027,NCI30
OUT013,FDZ19
OUT013,FDW57
OUT013,FDA25
OUT046,FDT22
OUT013,FDP51
OUT027,FDD48
OUT035,FDY39
OUT010,FDO48
OUT027,FDD23
OUT027,DRN35
OUT035,FDT01
OUT010,FDC20
OUT035,DRJ35
OUT046,FDB32
OUT046,FDL24
OUT035,NCV42
OUT046,FDZ46
OUT013,FDC15
OUT019,FDD08
OUT049,FDY50
OUT013,FDD36
OUT027,FDG57
OUT018,FDL21
OUT027,FDN16
OUT027,FDJ09
OUT010,FDS01
OUT017,FDV33
OUT017,DRE12
OUT013,FDR07
OUT010,FDP48
OUT035,NCB55
OUT013,FDQ08
OUT035,FDR34
OUT046,FDO33
OUT045,FDP13
OUT049,FDX12
OUT049,NCT06
OUT019,FDR16
OUT046,FDE36
OUT049,FDZ36
OUT045,FDV13
OUT035,NCZ17
OUT045,FDU56
OUT035,FDM09
OUT017,FDV02
OUT018,FDS34
OUT049,FDA11
OUT017,FDP09
OUT027,FDB29
OUT017,FDT19
OUT017,DRH15
OUT046,FDY38
OUT027,FDF14
OUT010,FDN48
OUT013,FDQ12
OUT045,NCJ43
OUT019,FDE17
OUT035,FDB05
OUT045,FDH10
OUT017,NCR06
OUT018,FDU32
OUT049,FDD56
OUT018,FDO36
OUT010,FDH16
OUT018,FDX10
OUT017,FDZ37
OUT010,FDU31
OUT049,DRC49
OUT045,FDL15
OUT019,FDN32
OUT027,DRH59
OUT049,NCU29
OUT019,FDR37
OUT018,FDS14
OUT027,FDU02
OUT035,FDJ08
OUT045,NCZ06
OUT049,FDO31
OUT018,FDH31
OUT017,FDS58
OUT027,NCA53
OUT046,FDF50
OUT049,NCW42
OUT045,NCQ17
OUT018,FDK51
OUT010,NCW41
OUT017,NCR29
OUT019,FDB08
OUT027,FDA40
OUT018,FDL14
OUT046,FDB47
OUT035,FDO03
OUT019,DRK13
OUT010,FDX13
OUT046,FDF52
OUT013,FDT11
OUT013,FDB08
OUT018,FDQ28
OUT045,FDD29
OUT027,NCQ29
OUT013,NCO02
OUT010,FDR56
OUT049,NCM54
OUT035,FDP51
OUT013,FDT38
OUT018,FDZ20
OUT013,FDJ53
OUT049,FDX13
OUT035,FDP58
OUT019,NCK31
OUT018,FDA35
OUT018,FDV37
OUT027,NCO07
OUT045,FDA20
OUT035,FDZ59
OUT017,NCY17
OUT035,FDQ28
OUT017,FDV35
OUT013,FDQ36
OUT018,FDD34
OUT045,FDK51
OUT035,FDV31
OUT035,FDR04
OUT049,FDR14
OUT010,DRC36
OUT019,FDE39
OUT049,FDP57
OUT046,FDE57
OUT046,NCN18
OUT018,NCQ05
OUT035,FDW47
OUT035,FDV46
OUT045,NCP29
OUT018,FDE09
OUT027,NCU06
OUT010,FDT19
OUT017,DRF15
OUT013,DRI51
OUT013,NCX54
OUT013,DRE01
OUT045,NCB07
OUT035,FDU50
OUT035,FDG40
OUT018,FDW10
OUT013,FDX51
OUT045,NCP17
OUT035,FDP21
OUT045,FDL04
OUT013,FDV23
OUT046,FDF24
OUT027,FDH56
OUT049,FDB51
OUT027,FDI58
OUT013,FDR20
OUT018,FDC51
OUT027,FDB16
OUT049,FDE40
OUT035,NCM17
OUT035,FDU56
OUT019,FDS32
OUT049,FDX02
OUT027,FDT39
OUT017,FDE35
OUT019,NCI42
OUT046,DRL23
OUT046,FDA10
OUT013,FDA11
OUT046,NCM06
OUT035,NCT05
OUT010,NCQ02
OUT049,NCY06
OUT035,FDY56
OUT035,FDL02
OUT035,NCI06
OUT045,FDQ14
OUT017,FDQ12
OUT046,FDP36
OUT027,FDK21
OUT045,FDO40
OUT019,NCK54
OUT018,FDY09
OUT049,NCW30
OUT027,NCC55
OUT018,FDE58
OUT013,FDR39
OUT049,FDU28
OUT017,FDH08
OUT045,FDG35
OUT049,FDG22
OUT035,FDC34
OUT018,FDP15
OUT010,FDK34
OUT035,FDU45
OUT027,FDQ04
OUT018,FDX22
OUT017,FDB45
OUT027,NCH43
OUT046,DRE60
OUT027,FDD17
OUT017,NCM54
OUT013,NCH55
OUT017,NCT06
OUT027,FDA48
OUT027,FDY58
OUT045,FDO25
OUT045,FDN50
OUT035,FDH35
OUT045,FDK09
OUT013,FDO16
OUT045,FDW11
OUT027,FDU47
OUT010,NCQ42
OUT027,FDK55
OUT049,FDN08
OUT045,FDT57
OUT018,FDJ12
OUT017,DRL59
OUT046,NCN53
OUT010,FDO51
OUT017,FDK56
OUT035,FDY12
OUT035,FDU15
OUT046,FDQ19
OUT045,DRF15
OUT019,DRE25
OUT018,FDK57
OUT010,FDD33
OUT027,FDR34
OUT045,FDU04
OUT019,FDE35
OUT035,NCD31
OUT035,FDJ56
OUT046,NCU53
OUT035,FDD39
OUT019,NCU17
OUT046,FDJ20
OUT018,NCW41
OUT035,FDL52
OUT035,FDS39
OUT045,DRJ47
OUT010,FDP13
OUT010,DRK39
OUT010,FDF28
OUT045,FDB09
OUT046,FDM51
OUT018,DRM49
OUT013,DRF23
OUT035,DRH01
OUT027,FDH12
OUT019,FDA28
OUT018,FDW37
OUT046,FDF02
OUT046,DRL37
OUT046,NCF43
OUT010,FDH08
OUT019,FDR34
OUT049,NCK19
OUT018,NCD55
OUT049,FDT27
OUT045,FDQ57
OUT035,FDA47
OUT027,DRG15
OUT018,FDE05
OUT046,FDN46
OUT027,FDX27
OUT045,FDT51
OUT013,FDU33
OUT027,FDJ16
OUT019,FDD20
OUT049,FDT36
OUT027,DRF15
OUT010,FDN52
OUT027,FDC22
OUT045,FDX15
OUT013,FDT13
OUT017,FDU04
OUT019,FDU31
OUT027,FDW59
OUT046,NCO29
OUT035,FDL15
OUT049,FDI41
OUT049,FDQ48
OUT013,DRI39
OUT013,FDI08
OUT049,FDC21
OUT035,FDF58
OUT010,FDS08
OUT045,FDE47
OUT019,NCP18
OUT013,NCR41
OUT013,FDA27
OUT035,FDA43
OUT045,FDA49
OUT018,NCE55
OUT027,DRM49
OUT027,FDF22
OUT018,FDQ15
OUT017,NCS54
OUT013,NCY05
OUT046,FDR45
OUT049,FDK57
OUT010,FDF41
OUT046,FDV21
OUT046,FDD51
OUT046,FDF33
OUT046,FDA38
OUT045,FDR56
OUT017,NCN41
OUT027,FDC60
OUT045,FDB47
OUT013,DRH01
OUT046,FDW08
OUT027,FDF38
OUT017,FDY32
OUT049,FDG34
OUT019,FDG47
OUT035,NCF18
OUT019,FDL39
OUT035,NCH55
OUT049,DRJ35
OUT035,FDS44
OUT018,DRE01
OUT013,FDY39
OUT018,FDY32
OUT027,FDR33
OUT049,NCP50
OUT018,FDZ47
OUT049,FDU57
OUT013,FDY44
OUT018,DRH59
OUT027,FDB03
OUT045,FDY46
OUT045,FDM39
OUT035,FDY36
OUT035,NCM55
OUT010,FDJ50
OUT013,DRL60
OUT049,NCJ54
OUT017,FDX59
OUT013,FDI07
OUT010,DRF51
OUT017,FDM14
OUT045,FDP21
OUT035,FDE40
OUT035,FDE05
OUT027,FDM13
OUT027,FDC34
OUT018,NCI55
OUT018,NCE43
OUT018,FDW58
OUT045,FDG60
OUT017,FDV31
OUT013,FDR47
OUT019,FDM60
OUT018,NCF06
OUT027,NCN26
OUT049,FDQ59
OUT046,FDF09
OUT017,NCS06
OUT046,FDT44
OUT017,FDI19
OUT017,FDT22
OUT027,NCF54
OUT045,DRG25
OUT017,FDB59
OUT017,FDQ37
OUT035,FDP56
OUT035,FDW44
OUT010,FDJ26
OUT018,FDU43
OUT045,FDW33
OUT027,NCX53
OUT010,FDN56
OUT049,DRF15
OUT017,FDO33
OUT010,FDZ39
OUT017,NCJ19
OUT035,FDU01
OUT035,FDT12
OUT018,NCM18
OUT017,FDP19
OUT049,NCR42
OUT046,FDN10
OUT017,FDG44
OUT046,FDQ10
OUT049,DRH13
OUT013,FDT52
OUT045,FDM56
OUT010,NCO43
OUT035,NCV29
OUT013,NCF06
OUT035,FDO50
OUT013,FDT59
OUT027,FDX40
OUT017,FDE50
OUT017,FDX51
OUT018,NCD30
OUT013,FDK15
OUT045,FDL12
OUT017,FDK46
OUT010,DRH49
OUT046,FDQ57
OUT017,FDY59
OUT018,FDO09
OUT035,NCG30
OUT017,FDM09
OUT027,NCN17
OUT013,NCS42
OUT019,FDD02
OUT013,FDE34
OUT045,FDU38
OUT046,FDB33
OUT017,NCJ29
OUT035,FDZ27
OUT013,FDI40
OUT013,FDG22
OUT017,FDT51
OUT018,FDF20
OUT035,FDV50
OUT049,FDT02
OUT017,DRC49
OUT049,FDF26
OUT035,FDV52
OUT049,FDX59
OUT035,FDV25
OUT027,FDW23
OUT018,FDE53
OUT017,FDA19
OUT046,FDH22
OUT013,NCO41
OUT017,FDX12
OUT013,FDF17
OUT045,FDS11
OUT035,FDR51
OUT010,FDT49
OUT013,FDC56
OUT027,FDR13
OUT035,FDQ60
OUT049,FDN38
OUT013,NCL29
OUT027,FDO13
OUT018,FDE26
OUT010,FDA31
OUT035,FDX14
OUT045,FDA34
OUT013,FDF26
OUT045,FDE38
OUT046,DRI11
OUT027,FDQ60
OUT027,FDL21
OUT027,DRC12
OUT046,FDC47
OUT045,FDE57
OUT045,FDT14
OUT046,NCZ53
OUT018,FDE28
OUT035,FDR19
OUT019,NCF54
OUT046,FDZ08
OUT018,NCJ05
OUT046,FDF59
OUT035,NCO05
OUT018,FDW24
OUT018,NCX42
OUT035,NCA53
OUT019,FDI45
OUT046,FDG46
OUT010,FDM20
OUT010,FDW11
OUT035,FDX08
OUT035,NCK17
OUT018,FDK32
OUT035,NCA42
OUT035,DRI01
OUT049,NCL55
OUT018,DRE25
OUT017,FDD14
OUT046,FDB10
OUT035,DRN11
OUT018,FDP38
OUT017,NCA30
OUT017,FDT15
OUT018,NCP55
OUT035,FDF12
OUT018,FDM21
OUT035,FDX56
OUT017,FDF10
OUT045,FDT32
OUT018,FDM51
OUT018,NCR50
OUT049,FDI19
OUT017,FDX21
OUT035,FDR31
OUT013,FDY02
OUT045,NCA29
OUT046,NCX17
OUT045,FDM12
OUT027,FDI53
OUT049,NCU30
OUT027,FDC56
OUT018,FDK27
OUT017,NCK18
OUT019,FDB52
OUT027,DRG25
OUT049,FDZ13
OUT019,FDB57
OUT046,FDR40
OUT019,NCO14
OUT045,NCN19
OUT019,FDQ28
OUT018,FDO13
OUT013,FDK48
OUT018,FDU07
OUT046,FDW20
OUT010,FDV12
OUT013,FDH24
OUT049,FDV59
OUT045,FDK57
OUT027,FDL16
OUT046,NCQ17
OUT018,FDJ15
OUT049,FDX24
OUT046,FDT47
OUT049,FDT10
OUT018,FDZ37
OUT027,FDW43
OUT017,DRN36
OUT045,FDJ14
OUT013,FDA32
OUT019,FDJ38
OUT017,FDQ57
OUT019,NCQ41
OUT049,FDG56
OUT027,DRC13
OUT035,FDV55
OUT045,FDQ49
OUT010,FDE29
OUT013,FDR03
OUT049,FDD45
OUT010,FDN38
OUT046,FDT56
OUT045,FDT48
OUT049,FDU03
OUT010,FDC56
OUT027,NCO43
OUT017,FDQ27
OUT046,FDR03
OUT010,DRH23
OUT045,FDG22
OUT013,NCJ42
OUT046,FDR24
OUT035,FDW60
OUT013,FDJ08
OUT018,DRL59
OUT010,FDG60
OUT017,FDW27
OUT018,FDX14
OUT013,FDC20
OUT018,NCS29
OUT046,FDJ56
OUT019,FDB20
OUT027,FDL28
OUT018,FDW01
OUT046,FDL03
OUT049,FDX22
OUT035,FDJ21
OUT045,FDR31
OUT035,FDG21
OUT027,FDS22
OUT035,FDK08
OUT018,FDE17
OUT017,NCN30
OUT046,FDT50
OUT049,NCX42
OUT035,FDJ12
OUT027,NCA18
OUT019,FDP23
OUT013,FDX12
OUT018,FDN40
OUT035,FDV48
OUT013,NCY54
OUT010,FDL16
OUT018,FDR45
OUT046,FDJ52
OUT017,DRG01
OUT013,FDP52
OUT017,FDU58
OUT045,FDL02
OUT013,FDG28
OUT035,FDA19
OUT027,FDW46
OUT049,NCD43
OUT013,DRG39
OUT049,NCF55
OUT046,FDJ07
OUT046,FDE08
OUT019,FDP56
OUT045,FDT45
OUT018,FDF17
OUT046,FDX44
OUT027,FDM28
OUT049,FDI36
OUT045,FDS07
OUT045,FDD36
OUT046,FDW11
OUT049,FDN40
OUT049,NCQ18
OUT017,NCQ54
OUT045,NCS42
OUT010,DRH39
OUT027,FDC09
OUT010,FDT08
OUT035,FDC08
OUT017,FDT20
OUT035,FDS35
OUT018,FDX58
OUT046,FDW58
OUT046,DRD27
OUT019,FDH32
OUT035,FDS26
OUT046,FDQ31
OUT018,FDP11
OUT017,FDD58
OUT045,FDM33
OUT049,FDZ16
OUT010,NCS29
OUT019,NCM18
OUT049,FDP11
OUT017,NCC42
OUT046,DRM23
OUT027,NCN55
OUT013,FDK46
OUT046,FDR01
OUT045,NCA05
OUT017,NCP43
OUT010,FDR12
OUT013,FDQ01
OUT046,FDM13
OUT017,FDQ19
OUT019,FDK56
OUT010,NCX06
OUT027,FDO56
OUT045,FDU45
OUT019,FDI16
OUT046,FDL32
OUT046,FDA07
OUT045,FDA14
OUT027,FDV46
OUT035,NCO07
OUT046,NCP41
OUT018,FDY60
OUT017,FDN38
OUT046,FDO15
OUT013,FDT60
OUT035,FDA55
OUT010,FDE02
OUT049,DRJ39
OUT035,FDV34
OUT027,FDS20
OUT027,FDF02
OUT017,FDW40
OUT046,NCB43
OUT017,FDR58
OUT035,DRJ59
OUT017,NCD30
OUT017,FDE14
OUT018,FDC28
OUT018,FDU16
OUT035,NCD19
OUT046,FDU21
OUT027,FDV59
OUT045,FDU03
OUT010,FDC33
OUT035,NCR42
OUT035,DRH59
OUT035,NCM31
OUT035,FDS50
OUT046,FDP39
OUT013,FDQ55
OUT019,FDV36
OUT027,FDI05
OUT027,FDS45
OUT045,FDA39
OUT010,FDC37
OUT027,FDJ60
OUT046,DRQ35
OUT046,NCJ06
OUT018,NCY42
OUT049,DRM37
OUT045,FDR14
OUT049,FDE51
OUT017,FDT33
OUT013,FDR08
OUT010,FDE36
OUT019,FDL22
OUT013,FDR44
OUT019,FDI56
OUT010,FDE47
OUT010,FDV27
OUT049,FDV10
OUT045,FDC40
OUT013,NCX41
OUT027,NCQ38
OUT027,FDV12
OUT017,FDE52
OUT027,FDG20
OUT027,FDV16
OUT017,FDI32
OUT049,FDJ32
OUT018,FDN39
OUT017,FDY34
OUT035,FDC14
OUT017,FDA55
OUT010,FDZ50
OUT049,DRG13
OUT013,FDP01
OUT017,NCG54
OUT045,FDM13
OUT027,NCO18
OUT013,NCW41
OUT027,FDM52
OUT035,NCF55
OUT046,FDT09
OUT035,NCM19
OUT018,FDW12
OUT019,FDP15
OUT045,FDK36
OUT035,FDZ25
OUT049,NCW06
OUT046,FDW60
OUT013,DRC49
OUT035,NCT17
OUT018,NCN06
OUT013,FDC45
OUT019,DRJ47
OUT045,NCF06
OUT010,FDE21
OUT013,DRG27
OUT049,FDW40
OUT046,NCO53
OUT049,FDE23
OUT046,FDQ16
OUT045,FDS26
OUT010,FDZ13
OUT049,FDS14
OUT045,FDC10
OUT049,FDY16
OUT035,FDJ20
OUT035,FDV43
OUT027,FDZ32
OUT046,FDR23
OUT035,FDN24
OUT027,FDE34
OUT013,FDU31
OUT018,FDW33
OUT046,FDU26
OUT027,FDE20
OUT035,NCW05
OUT018,FDB22
OUT046,FDO56
OUT027,FDA19
OUT045,DRI39
OUT018,FDH52
OUT035,FDZ50
OUT035,NCN42
OUT013,FDB53
OUT017,DRG11
OUT027,DRK11
OUT017,FDQ60
OUT017,FDT36
OUT018,DRG25
OUT046,DRJ23
OUT035,FDG05
OUT018,NCK06
OUT017,FDU52
OUT018,FDW07
OUT045,NCM17
OUT045,FDA22
OUT018,NCA41
OUT035,FDF38
OUT046,FDH52
OUT019,FDY58
OUT045,FDZ16
OUT017,NCM18
OUT018,FDA22
OUT035,NCJ43
OUT027,FDI34
OUT046,FDG56
OUT046,FDS34
OUT035,DRC01
OUT035,FDQ04
OUT035,FDK04
OUT049,FDT51
OUT017,FDV26
OUT049,FDS04
OUT018,FDW43
OUT010,FDQ28
OUT017,NCK06
OUT018,FDS23
OUT019,FDZ36
OUT018,FDE56
OUT027,FDW10
OUT045,NCN14
OUT045,NCQ18
OUT017,FDW08
OUT035,FDU43
OUT010,FDR33
OUT010,FDM24
OUT046,NCZ05
OUT035,NCV41
OUT018,FDV11
OUT035,NCY05
OUT018,FDV44
OUT049,FDW32
OUT027,NCU18
OUT035,NCC43
OUT013,FDW19
OUT035,FDN31
OUT045,FDI48
OUT017,FDS24
OUT049,FDF46
OUT017,DRG23
OUT018,FDG14
OUT049,NCY30
OUT018,FDO28
OUT035,DRD24
OUT049,FDI33
OUT046,FDN32
OUT045,FDR16
OUT046,FDF26
OUT018,NCN29
OUT045,FDE20
OUT046,FDA46
OUT045,FDU28
OUT045,FDQ48
OUT013,FDV36
OUT018,FDR14
OUT017,FDP23
OUT013,FDP56
OUT010,FDK48
OUT046,FDR48
OUT049,NCY29
OUT018,FDM22
OUT013,DRJ01
OUT045,FDZ43
OUT035,FDV03
OUT027,FDX11
OUT027,NCA41
OUT017,FDE38
OUT018,FDI27
OUT013,FDN32
OUT017,NCN43
OUT027,FDB47
OUT017,FDV03
OUT045,NCN30
OUT010,NCV54
OUT013,FDV07
OUT049,FDP07
OUT018,FDK48
OUT019,FDM15
OUT027,FDY19
OUT046,FDK46
OUT045,FDY11
OUT046,FDH09
OUT027,FDO08
OUT013,FDU14
OUT027,FDD22
OUT017,FDM27
OUT027,FDL02
OUT035,NCA17
OUT019,FDE38
OUT049,NCG07
OUT013,DRC27
OUT035,FDA27
OUT045,FDW40
OUT013,DRI11
OUT046,FDN50
OUT046,FDR12
OUT027,FDT34
OUT035,FDW11
OUT027,NCO30
OUT017,FDZ34
OUT017,FDU45
OUT035,NCD42
OUT045,FDX25
OUT046,NCR29
OUT019,FDX43
OUT010,FDB04
OUT027,FDR49
OUT018,FDS39
OUT045,FDW58
OUT019,FDG22
OUT017,FDG31
OUT027,NCV53
OUT035,DRJ37
OUT035,FDV07
OUT018,FDW52
OUT045,FDT15
OUT018,FDD02
OUT035,FDM16
OUT046,NCE55
OUT018,FDB57
OUT013,FDQ04
OUT019,FDQ47
OUT019,FDY14
OUT017,DRK37
OUT017,FDO25
OUT046,FDL57
OUT018,NCK29
OUT027,FDK46
OUT010,NCB43
OUT027,DRE01
OUT018,FDC46
OUT045,FDQ23
OUT049,FDX38
OUT018,FDG60
OUT017,FDW55
OUT013,FDP39
OUT018,FDB20
OUT017,FDV21
OUT013,FDZ02
OUT027,FDP19
OUT035,FDA38
OUT045,FDH22
OUT045,DRM11
OUT027,FDO12
OUT049,FDT14
OUT010,FDW34
OUT027,FDG04
OUT018,FDW59
OUT018,FDR33
OUT013,FDP32
OUT027,FDL13
OUT013,FDD22
OUT027,FDV40
OUT046,NCD55
OUT010,FDQ20
OUT045,FDD28
OUT045,FDC39
OUT049,NCR17
OUT018,DRO35
OUT049,FDF40
OUT018,FDR31
OUT017,NCQ41
OUT046,FDP38
OUT027,NCU54
OUT018,FDG22
OUT013,DRK59
OUT046,FDC37
OUT013,NCO42
OUT017,NCT42
OUT035,FDX27
OUT018,FDV40
OUT027,FDT45
OUT019,FDS47
OUT035,FDR45
OUT045,FDB03
OUT035,FDO49
OUT027,FDU60
OUT018,FDB26
OUT017,FDB46
OUT019,FDQ37
OUT017,FDN03
OUT045,NCX30
OUT019,FDK32
OUT013,DRM47
OUT046,NCO02
OUT013,FDP04
OUT049,NCO43
OUT013,FDD59
OUT017,FDQ10
OUT035,FDW45
OUT049,NCK30
OUT018,FDU31
OUT019,NCQ17
OUT017,FDN01
OUT049,FDZ19
OUT017,DRG37
OUT045,FDE32
OUT049,FDO34
OUT019,FDM04
OUT049,FDZ25
OUT049,FDU08
OUT045,NCW30
OUT013,NCM18
OUT035,FDS22
OUT017,NCH18
OUT013,FDC23
OUT013,FDY46
OUT046,NCU06
OUT045,FDX57
OUT027,FDX36
OUT045,FDL16
OUT010,FDT16
OUT018,FDN16
OUT046,FDC03
OUT013,DRF60
OUT027,FDS27
OUT010,FDP33
OUT018,FDJ36
OUT013,NCR42
OUT017,FDV14
OUT035,NCP42
OUT027,FDB50
OUT027,NCC30
OUT018,FDA23
OUT017,FDW16
OUT010,FDQ52
OUT049,FDB58
OUT049,NCP29
OUT045,NCM05
OUT013,FDO25
OUT046,NCM54
OUT046,NCL54
OUT010,FDL39
OUT018,FDF53
OUT035,NCQ42
OUT013,FDF58
OUT035,FDZ04
OUT019,FDE26
OUT017,FDS60
OUT017,FDV58
OUT045,FDM04
OUT035,FDE08
OUT049,NCB43
OUT010,FDU11
OUT019,FDF22
OUT013,FDE24
OUT046,DRJ49
OUT035,NCQ53
OUT013,NCL41
OUT013,FDR22
OUT035,FDH04
OUT045,DRH15
OUT049,FDY40
OUT035,NCI17
OUT013,NCC18
OUT027,FDY28
OUT027,FDB45
OUT018,NCL30
OUT017,FDM10
OUT027,FDH22
OUT017,NCZ53
OUT013,NCI18
OUT027,FDH14
OUT027,FDR36
OUT045,FDW01
OUT027,FDK02
OUT018,FDJ02
OUT013,FDU55
OUT027,NCV18
OUT018,FDH14
OUT045,FDZ37
OUT049,FDX49
OUT046,NCD43
OUT013,FDZ07
OUT035,FDK43
OUT018,FDR32
OUT013,FDT39
OUT017,NCV54
OUT018,FDF38
OUT046,FDV60
OUT027,FDH44
OUT046,FDS21
OUT045,NCL41
OUT017,FDM46
OUT045,FDU27
OUT017,NCJ54
OUT018,DRG51
OUT019,NCA29
OUT045,FDR47
OUT027,NCL19
OUT049,DRG01
OUT046,FDG10
OUT049,NCV05
OUT019,NCH18
OUT018,FDV14
OUT035,DRJ23
OUT046,DRJ11
OUT017,FDZ03
OUT010,FDI27
OUT018,FDJ14
OUT017,FDU32
OUT027,FDD47
OUT035,DRF36
OUT046,FDM21
OUT018,FDV10
OUT018,FDH60
OUT010,FDX47
OUT019,FDT19
OUT045,FDO11
OUT027,FDH24
OUT018,FDL02
OUT049,FDB02
OUT046,FDA43
OUT045,FDG52
OUT013,DRC12
OUT018,FDY37
OUT045,NCU18
OUT035,FDU09
OUT027,DRJ25
OUT018,DRE12
OUT017,DRL47
OUT046,DRK01
OUT019,FDC22
OUT013,FDG44
OUT035,FDW04
OUT049,FDK09
OUT035,NCN43
OUT049,FDG04
OUT010,FDH32
OUT017,DRI47
OUT013,DRE15
OUT035,FDY11
OUT049,FDO60
OUT018,FDQ20
OUT027,FDO57
OUT019,FDT14
OUT049,FDA57
OUT017,DRN35
OUT046,FDJ03
OUT017,FDX28
OUT045,DRE25
OUT046,FDR09
OUT035,FDB23
OUT045,FDO08
OUT049,FDQ23
OUT013,FDW04
OUT010,DRK13
OUT027,NCL17
OUT035,FDY21
OUT027,FDJ38
OUT019,FDA37
OUT013,FDV43
OUT046,FDL36
OUT045,FDD53
OUT010,FDZ19
OUT045,FDV21
OUT018,NCL54
OUT027,DRI47
OUT049,DRG03
OUT013,FDG21
OUT018,FDW03
OUT046,NCI55
OUT019,DRC36
OUT017,FDH22
OUT045,FDV20
OUT027,NCU41
OUT027,FDN46
OUT045,FDK50
OUT027,NCA05
OUT018,DRH01
OUT018,FDT08
OUT018,FDM08
OUT035,FDZ07
OUT017,FDS22
OUT027,FDV35
OUT010,FDI28
OUT027,FDW58
OUT045,FDT52
OUT046,FDY34
OUT046,FDR10
OUT017,FDK57
OUT027,FDR02
OUT046,FDX49
OUT046,FDQ20
OUT045,DRK23
OUT046,NCW06
OUT017,FDR31
OUT013,NCE43
OUT027,DRO59
OUT049,FDN09
OUT046,FDR11
OUT013,FDO57
OUT017,NCX18
OUT018,FDB05
OUT018,FDQ08
OUT035,NCG43
OUT013,FDJ56
OUT010,FDA13
OUT017,FDO56
OUT018,FDB37
OUT018,FDZ02
OUT046,FDQ24
OUT013,FDM16
OUT049,FDU35
OUT035,FDT35
OUT049,NCX30
OUT017,FDG04
OUT035,FDI12
OUT035,FDE35
OUT027,NCP14
OUT045,NCY53
OUT017,FDP49
OUT017,FDQ04
OUT035,FDM39
OUT019,FDO58
OUT017,FDC56
OUT046,NCQ54
OUT027,FDV10
OUT046,NCK17
OUT027,NCF55
OUT013,FDV33
OUT019,NCH29
OUT027,FDA37
OUT018,FDH46
OUT035,FDS25
OUT027,FDH04
OUT046,FDX52
OUT017,NCD42
OUT017,FDW47
OUT027,FDL25
OUT010,NCJ06
OUT013,FDY09
OUT046,FDS40
OUT017,FDH41
OUT035,FDG38
OUT027,FDU03
OUT046,FDV20
OUT045,DRB13
OUT013,NCQ30
OUT013,NCH06
OUT018,FDU50
OUT019,NCO42
OUT018,FDW09
OUT013,FDH04
OUT045,FDC21
OUT049,FDL21
OUT010,FDM46
OUT019,FDT22
OUT035,FDB28
OUT018,FDI12
OUT045,FDA28
OUT013,FDF59
OUT027,FDM45
OUT017,FDQ56
OUT049,FDR46
OUT013,FDT01
OUT027,FDD16
OUT010,NCU30
OUT010,FDM40
OUT035,FDI56
OUT013,NCS30
OUT017,FDU08
OUT027,FDX51
OUT045,FDA43
OUT010,FDX59
OUT018,FDC37
OUT013,FDP58
OUT035,NCY42
OUT018,FDF21
OUT027,FDU10
OUT018,DRL47
OUT018,FDA58
OUT049,FDJ22
OUT046,FDK50
OUT035,FDO38
OUT035,DRF60
OUT019,NCZ42
OUT049,FDD35
OUT045,FDL25
OUT013,FDJ16
OUT049,DRK59
OUT046,FDI50
OUT045,NCB19
OUT035,DRI37
OUT027,FDA14
OUT018,FDC08
OUT046,FDS45
OUT049,FDI21
OUT035,DRJ47
OUT027,DRE37
OUT018,FDT55
OUT027,NCG42
OUT049,FDA31
OUT046,NCW42
OUT017,FDF50
OUT049,FDK56
OUT035,FDX10
OUT027,NCK07
OUT017,FDZ49
OUT013,FDR33
OUT018,FDO44
OUT046,FDA20
OUT045,NCL30
OUT019,FDI05
OUT018,FDQ12
OUT017,FDH47
OUT018,FDH34
OUT046,FDF29
OUT018,FDG40
OUT017,NCE18
OUT010,FDP21
OUT013,FDY50
OUT049,FDB36
OUT049,NCZ29
OUT018,FDU20
OUT013,FDO56
OUT049,FDW31
OUT013,DRH59
OUT017,NCB30
OUT027,FDK43
OUT045,FDW43
OUT017,NCL19
OUT046,FDJ27
OUT046,FDC45
OUT035,FDY40
OUT035,NCM41
OUT019,NCK18
OUT049,FDP37
OUT027,FDA27
OUT035,NCX30
OUT017,FDR09
OUT027,FDG08
OUT013,NCU30
OUT017,FDB16
OUT017,FDM16
OUT013,FDC48
OUT046,NCF18
OUT018,FDU46
OUT018,FDH41
OUT010,NCN42
OUT046,FDU49
OUT027,FDB20
OUT019,FDG50
OUT045,FDW20
OUT049,NCO55
OUT046,FDX48
OUT046,FDU48
OUT019,FDR48
OUT013,FDK27
OUT013,FDT35
OUT049,FDN12
OUT019,NCE31
OUT017,FDL21
OUT017,FDV56
OUT017,FDR16
OUT049,NCP41
OUT013,FDJ27
OUT017,FDA07
OUT049,FDK55
OUT049,FDM33
OUT046,FDY46
OUT046,FDD36
OUT027,FDB12
OUT019,FDF28
OUT019,NCE07
OUT027,FDW50
OUT017,NCW18
OUT019,NCJ17
OUT010,DRZ24
OUT035,FDS07
OUT010,NCW05
OUT018,FDZ22
OUT046,FDK02
OUT027,FDZ45
OUT046,FDL25
OUT045,FDS08
OUT027,NCZ42
OUT035,FDX57
OUT046,FDF21
OUT018,FDJ56
OUT013,FDX10
OUT035,DRG48
OUT046,DRN37
OUT018,NCY41
OUT045,FDN28
OUT045,FDE34
OUT045,FDR10
OUT017,FDC32
OUT046,DRG13
OUT049,FDP59
OUT010,NCT53
OUT027,FDL57
OUT010,FDN32
OUT018,FDK09
OUT010,FDA52
OUT049,FDC57
OUT035,FDI09
OUT046,NCB07
OUT035,FDP26
OUT027,FDP40
OUT013,FDL15
OUT046,FDV07
OUT017,FDS03
OUT049,FDE50
OUT017,FDQ15
OUT010,FDQ33
OUT013,FDT22
OUT035,DRO35
OUT049,FDJ41
OUT035,FDQ27
OUT017,FDC26
OUT027,NCF43
OUT035,NCR50
OUT018,FDE39
OUT027,FDN49
OUT035,DRG11
OUT049,NCA18
OUT018,FDM36
OUT017,FDW32
OUT010,NCQ18
OUT027,FDX14
OUT017,FDD46
OUT019,FDI34
OUT035,NCJ17
OUT035,FDB52
OUT018,FDV55
OUT046,FDC57
OUT046,FDB29
OUT035,NCO43
OUT045,FDG44
OUT045,FDJ34
OUT049,FDH40
OUT027,NCD07
OUT017,FDB41
OUT018,FDH47
OUT035,DRK37
OUT019,FDM25
OUT045,NCX06
OUT017,NCS05
OUT045,FDS39
OUT027,FDC47
OUT013,FDG20
OUT017,DRL23
OUT013,FDY33
OUT045,NCH18
OUT035,FDX47
OUT045,NCB06
OUT049,FDP36
OUT018,FDW44
OUT018,NCU41
OUT046,NCS17
OUT035,FDD46
OUT017,FDE45
OUT017,FDI09
OUT010,NCJ54
OUT018,NCA29
OUT027,NCN41
OUT035,FDY34
OUT035,NCG55
OUT046,DRM49
OUT049,NCB42
OUT045,FDE58
OUT013,DRJ25
OUT010,FDS47
OUT049,FDY21
OUT013,NCI54
OUT017,FDO24
OUT035,FDY43
OUT018,FDF35
OUT019,NCP29
OUT027,FDN28
OUT018,FDJ50
OUT027,FDQ14
OUT035,FDC37
OUT046,FDN08
OUT035,FDD04
OUT018,FDW34
OUT017,FDP04
OUT017,NCG07
OUT018,NCN14
OUT045,FDJ16
OUT045,NCM42
OUT046,NCF19
OUT018,FDY21
OUT035,FDY19
OUT045,FDV09
OUT013,FDA28
OUT018,FDC38
OUT045,FDL28
OUT049,NCH43
OUT045,NCN53
OUT017,NCW05
OUT018,NCO30
OUT019,FDT04
OUT018,FDB27
OUT013,NCK07
OUT013,NCA53
OUT018,FDB33
OUT017,FDU37
OUT035,FDR13
OUT049,FDE45
OUT017,FDV37
OUT019,FDX44
OUT017,NCL06
OUT045,FDJ28
OUT049,FDX55
OUT018,NCK17
OUT035,FDH52
OUT027,FDN13
OUT018,FDK44
OUT046,FDU16
OUT017,FDZ07
OUT027,NCN06
OUT010,FDH02
OUT045,NCW18
OUT013,FDH57
OUT045,FDV35
OUT013,NCU29
OUT046,NCP02
OUT013,FDN44
OUT018,FDX03
OUT010,FDR11
OUT046,FDA36
OUT027,FDP58
OUT045,FDH31
OUT035,FDH34
OUT035,FDS13
OUT018,FDT01
OUT049,FDY09
OUT027,FDV33
OUT010,NCW29
OUT045,NCN17
OUT046,FDX01
OUT049,FDL03
OUT049,DRL59
OUT027,DRM11
OUT049,FDA43
OUT010,FDZ56
OUT018,FDI44
OUT013,FDB50
OUT019,FDU15
OUT019,NCJ19
OUT013,FDD48
OUT035,NCW42
OUT017,FDL24
OUT013,NCB30
OUT013,FDK25
OUT049,FDW28
OUT017,FDD47
OUT019,FDK16
OUT046,FDW37
OUT035,FDA48
OUT017,FDA14
OUT013,FDV15
OUT049,FDN22
OUT045,NCD55
OUT013,FDY43
OUT017,NCU05
OUT035,FDF10
OUT018,FDR39
OUT013,FDG40
OUT019,FDZ28
OUT045,FDE02
OUT049,FDU60
OUT013,FDM21
OUT019,FDV52
OUT013,NCW06
OUT035,FDX36
OUT027,FDT35
OUT010,NCL19
OUT046,NCD31
OUT019,FDE53
OUT019,FDW58
OUT046,DRF48
OUT035,FDW57
OUT017,DRH13
OUT013,FDT33
OUT027,DRK47
OUT010,FDY22
OUT019,FDC35
OUT013,FDO03
OUT045,FDF24
OUT018,FDF56
OUT013,FDD28
OUT027,FDG53
OUT019,FDO27
OUT018,NCF54
OUT027,FDC20
OUT046,FDU10
OUT018,DRA24
OUT010,FDA02
OUT017,FDG10
OUT010,FDW39
OUT019,FDP04
OUT013,NCM55
OUT045,FDG47
OUT017,NCU41
OUT017,NCK31
OUT045,FDZ46
OUT027,FDU13
OUT045,NCF19
OUT013,NCJ43
OUT045,NCJ05
OUT027,FDS04
OUT010,FDX28
OUT027,FDB41
OUT046,FDG53
OUT010,FDL15
OUT049,FDQ08
OUT013,DRN36
OUT013,FDI46
OUT027,FDG16
OUT013,FDV32
OUT010,FDF44
OUT018,FDK04
OUT013,NCA41
OUT017,FDD51
OUT045,NCZ53
OUT027,FDP01
OUT049,FDY25
OUT018,FDB17
OUT018,NCV54
OUT017,FDJ32
OUT049,FDA37
OUT035,FDG35
OUT018,NCM05
OUT046,FDG45
OUT013,FDH28
OUT049,NCE18
OUT045,FDH38
OUT013,FDR56
OUT027,FDH17
OUT049,FDD39
OUT049,FDB41
OUT046,NCR53
OUT017,FDX46
OUT049,FDV28
OUT018,FDA08
OUT017,FDH45
OUT010,NCS38
OUT010,FDD40
OUT035,DRM59
OUT018,NCJ43
OUT013,NCN29
OUT045,NCC19
OUT035,FDR56
OUT049,FDZ43
OUT010,FDJ32
OUT017,DRH03
OUT035,NCZ54
OUT017,FDE26
OUT045,FDS03
OUT019,DRZ24
OUT027,FDO48
OUT049,FDW39
OUT049,NCK05
OUT017,NCK30
OUT018,FDT27
OUT019,FDS08
OUT049,NCJ19
OUT045,FDC58
OUT013,DRE37
OUT035,FDW02
OUT010,FDJ02
OUT045,FDX09
OUT010,FDT31
OUT049,FDI24
OUT045,FDY09
OUT045,FDV28
OUT049,DRM47
OUT019,FDT52
OUT018,FDI48
OUT017,FDY55
OUT013,FDU48
OUT045,FDN25
OUT049,FDP20
OUT013,FDJ15
OUT018,FDD04
OUT045,FDY58
OUT018,FDR37
OUT013,FDF44
OUT045,FDD32
OUT017,FDR57
OUT027,DRG39
OUT017,FDX15
OUT045,DRN37
OUT027,FDW40
OUT049,FDB32
OUT018,FDM40
OUT027,FDE39
OUT017,DRH49
OUT049,FDT46
OUT035,NCF06
OUT017,FDP07
OUT013,FDC04
OUT017,FDZ32
OUT045,FDD50
OUT017,FDU56
OUT017,FDV34
OUT013,NCY41
OUT046,NCK18
OUT049,DRH25
OUT046,FDT57
OUT018,FDV56
OUT045,FDV12
OUT017,FDN52
OUT035,FDX38
OUT018,FDE47
OUT013,NCO07
OUT027,FDV09
OUT019,FDZ23
OUT018,DRH51
OUT045,NCY54
OUT013,DRG49
OUT049,NCC19
OUT045,NCV53
OUT019,FDZ47
OUT018,NCO26
OUT045,NCP02
OUT018,NCW30
OUT046,NCN55
OUT010,FDB20
OUT013,DRL11
OUT045,DRD60
OUT010,FDW14
OUT010,FDL27
OUT018,FDU09
OUT027,DRH36
OUT027,FDP34
OUT017,FDE04
OUT027,FDZ57
OUT010,FDF02
OUT045,FDG28
OUT046,NCI31
OUT013,FDT43
OUT046,FDU20
OUT013,FDD53
OUT045,FDW15
OUT045,NCT53
OUT027,NCG55
OUT035,FDD48
OUT049,FDG47
OUT017,FDI21
OUT017,FDT27
OUT013,DRO35
OUT017,FDD33
OUT035,FDC04
OUT013,FDY34
OUT049,DRJ49
OUT049,FDE05
OUT017,FDU31
OUT027,NCN19
OUT027,FDK56
OUT017,FDK58
OUT035,NCJ42
OUT027,FDZ34
OUT018,FDA52
OUT013,NCR29
OUT035,FDT48
OUT019,DRJ51
OUT046,NCS54
OUT035,FDV01
OUT027,DRG51
OUT013,NCG42
OUT049,FDA51
OUT010,FDV19
OUT045,NCT18
OUT045,NCS41
OUT046,FDO03
OUT010,FDL12
OUT010,FDY37
OUT049,FDI58
OUT018,FDT28
OUT010,NCC42
OUT017,FDO01
OUT013,FDJ02
OUT018,FDQ04
OUT013,DRL47
OUT035,FDZ32
OUT035,FDC35
OUT045,FDX14
OUT013,FDZ35
OUT013,FDL14
OUT049,FDO04
OUT017,DRK11
OUT018,FDB44
OUT049,FDZ50
OUT027,FDI12
OUT017,FDU43
OUT010,FDD58
OUT017,FDB27
OUT018,FDB04
OUT013,NCO17
OUT017,FDL12
OUT049,DRJ13
OUT045,FDD57
OUT035,FDW19
OUT018,DRD27
OUT027,FDH27
OUT027,NCW30
OUT018,FDR40
OUT013,FDG05
OUT019,NCY41
OUT018,FDI38
OUT046,FDR20
OUT017,FDE09
OUT019,FDN50
OUT045,DRF27
OUT013,DRF51
OUT019,NCO02
OUT027,FDB51
OUT013,FDJ50
OUT013,FDN52
OUT013,FDX14
OUT019,FDT27
OUT013,FDV10
OUT046,FDU33
OUT046,FDU58
OUT027,NCP42
OUT027,FDL51
OUT027,DRH15
OUT017,FDU16
OUT017,FDW15
OUT045,FDQ44
OUT027,NCI06
OUT019,DRK23
OUT035,FDC28
OUT019,NCY17
OUT018,NCV05
OUT019,FDM34
OUT027,DRD60
OUT046,FDT38
OUT018,FDQ57
OUT027,FDE59
OUT046,NCM43
OUT049,DRI51
OUT017,NCG30
OUT035,NCK54
OUT019,FDQ16
OUT013,FDI36
OUT027,FDX16
OUT046,FDA34
OUT018,FDJ48
OUT035,FDU47
OUT046,FDS39
OUT046,FDD11
OUT027,FDM16
OUT018,FDU56
OUT017,FDQ32
OUT013,DRK35
OUT049,FDA58
OUT019,DRG48
OUT010,FDT59
OUT019,FDQ31
OUT018,FDS51
OUT027,FDW32
OUT027,FDI15
OUT017,NCV30
OUT049,DRG25
OUT013,FDT02
OUT027,FDO33
OUT035,FDP38
OUT035,FDZ45
OUT027,NCA54
OUT017,FDU33
OUT017,FDN58
OUT045,FDI05
OUT019,FDM57
OUT027,NCS42
OUT045,FDB57
OUT045,FDC03
OUT013,FDZ58
OUT045,NCK29
OUT045,NCR53
OUT027,FDE26
OUT049,FDU52
OUT027,FDE41
OUT018,FDU38
OUT017,FDA52
OUT046,FDW46
OUT035,DRI59
OUT035,FDT38
OUT018,FDL33
OUT027,FDQ01
OUT046,FDJ08
OUT049,FDQ47
OUT013,NCZ18
OUT017,FDE29
OUT027,FDF10
OUT049,FDC48
OUT013,FDY58
OUT010,NCX30
OUT013,FDV11
OUT046,FDT46
OUT019,DRD01
OUT013,FDQ11
OUT017,NCM41
OUT013,NCC55
OUT027,FDG45
OUT049,NCQ54
OUT045,FDM34
OUT019,FDD17
OUT027,FDN38
OUT018,FDB53
OUT035,NCL06
OUT019,NCV18
OUT013,FDX25
OUT046,FDB39
OUT049,FDC33
OUT018,NCO14
OUT027,FDA58
OUT017,NCQ02
OUT017,NCR53
OUT046,FDN52
OUT046,FDG26
OUT027,FDE23
OUT013,DRI37
OUT018,DRH37
OUT035,FDO01
OUT049,FDK45
OUT049,FDP23
OUT035,FDM33
OUT017,FDD36
OUT017,FDL56
OUT010,FDT27
OUT017,FDG52
OUT035,NCL42
OUT046,DRJ24
OUT046,FDV38
OUT045,FDT35
OUT045,FDY51
OUT017,FDC37
OUT013,NCP43
OUT045,FDO33
OUT018,FDW04
OUT046,NCC31
OUT049,FDK22
OUT017,FDJ50
OUT017,FDV13
OUT017,DRL60
OUT017,FDW03
OUT035,FDY27
OUT027,FDB39
OUT045,FDU59
OUT049,FDZ57
OUT049,FDO21
OUT018,FDS43
OUT010,FDU28
OUT010,FDC51
OUT010,FDW16
OUT010,FDP32
OUT019,FDB60
OUT046,NCQ30
OUT049,FDD26
OUT045,FDI44
OUT046,DRH23
OUT046,FDO44
OUT046,FDG04
OUT027,FDM32
OUT013,FDM09
OUT013,FDZ47
OUT027,FDM40
OUT017,FDY48
OUT045,NCM30
OUT010,FDX36
OUT017,DRF03
OUT049,FDN51
OUT049,FDM57
OUT049,FDB35
OUT027,FDY13
OUT017,FDA37
OUT017,NCX53
OUT018,FDD59
OUT019,FDX10
OUT018,FDC03
OUT035,FDW43
OUT046,FDW10
OUT027,FDY14
OUT045,FDV43
OUT013,FDO40
OUT027,FDP46
OUT019,NCE43
OUT035,FDD05
OUT010,FDJ60
OUT018,DRE27
OUT035,FDO11
OUT027,DRG11
OUT010,FDK33
OUT045,DRM23
OUT027,FDJ02
OUT045,NCZ05
OUT013,NCL30
OUT018,FDZ19
OUT049,FDM45
OUT046,FDO36
OUT045,NCK31
OUT045,DRJ37
OUT018,FDP24
OUT013,FDF46
OUT019,FDX46
OUT045,NCL18
OUT013,FDJ26
OUT045,FDJ07
OUT013,FDY15
OUT045,DRG01
OUT045,FDF58
OUT019,FDZ14
OUT049,FDP31
OUT013,FDH45
OUT010,FDA09
OUT035,FDW31
OUT046,FDA57
OUT035,NCE55
OUT019,FDC17
OUT013,FDC59
OUT013,FDA22
OUT035,FDK52
OUT046,NCM26
OUT035,NCT53
OUT018,FDW45
OUT035,NCI18
OUT018,FDE38
OUT019,FDF08
OUT010,FDY58
OUT019,FDF58
OUT017,FDX39
OUT049,FDB44
OUT013,FDF28
OUT013,FDE39
OUT018,FDT37
OUT017,FDZ45
OUT035,FDO40
OUT027,FDM57
OUT017,DRG36
OUT010,FDY36
OUT027,DRL60
OUT019,FDS25
OUT027,DRF49
OUT045,FDP16
OUT049,FDS60
OUT027,FDU15
OUT046,FDK43
OUT046,FDN25
OUT049,FDE53
OUT013,FDB22
OUT017,FDE39
OUT035,FDX35
OUT049,NCG54
OUT035,FDH27
OUT013,NCK42
OUT049,FDS25
OUT018,FDI10
OUT035,FDU35
OUT017,FDI04
OUT035,DRK23
OUT019,FDB53
OUT049,FDY02
OUT035,FDM60
OUT010,NCJ31
OUT017,DRP35
OUT018,NCQ30
OUT010,DRL11
OUT013,FDU01
OUT035,FDR39
OUT046,FDO08
OUT045,FDC02
OUT035,NCZ29
OUT010,FDF29
OUT017,FDZ23
OUT018,NCU53
OUT013,NCW30
OUT027,NCM26
OUT027,FDV50
OUT049,FDW15
OUT027,FDI35
OUT017,FDO11
OUT046,FDN48
OUT049,NCA17
OUT013,NCN54
OUT013,FDP22
OUT035,NCB54
OUT045,FDD08
OUT010,DRM48
OUT027,FDG41
OUT027,FDE44
OUT035,FDE26
OUT013,NCS38
OUT018,NCJ54
OUT019,FDI40
OUT018,FDN45
OUT046,FDU43
OUT010,FDI04
OUT018,NCC07
OUT019,NCC07
OUT045,NCD18
OUT035,FDU55
OUT035,FDX59
OUT049,FDR52
OUT013,NCP17
OUT045,FDQ32
OUT049,NCT17
OUT049,FDO10
OUT049,FDE32
OUT045,FDN44
OUT035,FDH02
OUT013,FDK60
OUT019,FDS24
OUT010,FDL03
OUT027,FDB46
OUT049,FDO48
OUT049,FDZ39
OUT027,FDT02
OUT013,FDC50
OUT035,FDP39
OUT018,DRG15
OUT018,FDP10
OUT027,FDF53
OUT045,FDN34
OUT045,FDK02
OUT045,FDC23
OUT019,FDJ10
OUT035,FDE53
OUT035,FDR25
OUT046,FDW50
OUT049,FDS09
OUT010,FDW49
OUT046,FDU51
OUT018,FDF28
OUT018,NCY30
OUT045,FDD44
OUT017,FDX09
OUT013,NCF30
OUT019,FDZ50
OUT013,FDW37
OUT049,FDD11
OUT018,DRH39
OUT049,FDA36
OUT049,NCG43
OUT035,FDF02
OUT027,FDP57
OUT017,NCE42
OUT027,NCR38
OUT019,FDP03
OUT035,FDO51
OUT046,NCQ42
OUT046,NCM41
OUT027,FDH48
OUT046,DRF60
OUT035,FDJ27
OUT013,FDQ14
OUT017,FDN27
OUT046,NCQ02
OUT049,FDJ33
OUT027,FDP07
OUT049,DRE01
OUT045,FDU36
OUT017,FDL28
OUT046,NCX53
OUT013,FDZ39
OUT013,NCP42
OUT035,FDJ14
OUT049,FDK04
OUT017,NCC19
OUT018,FDS09
OUT046,FDZ02
OUT018,FDD35
OUT017,NCY42
OUT045,FDB05
OUT035,FDF20
OUT018,NCO41
OUT027,FDC40
OUT045,FDV58
OUT045,FDZ57
OUT046,DRM35
OUT018,DRN36
OUT046,FDQ13
OUT010,DRO35
OUT035,NCD43
OUT018,FDA51
OUT027,NCX17
OUT049,NCZ17
OUT027,FDR11
OUT049,FDW34
OUT017,FDN50
OUT046,FDS09
OUT018,FDS48
OUT049,FDL44
OUT018,DRF48
OUT018,FDA14
OUT049,NCD30
OUT017,FDI16
OUT035,NCG06
OUT035,DRZ24
OUT045,NCS17
OUT045,FDB37
OUT035,FDE10
OUT045,FDC57
OUT018,FDM12
OUT049,FDE24
OUT045,FDW22
OUT027,DRD01
OUT027,NCZ18
OUT045,FDN49
OUT035,FDR22
OUT019,FDV08
OUT046,FDY39
OUT049,FDV36
OUT045,FDO60
OUT027,FDU04
OUT027,FDR20
OUT019,FDW19
OUT049,FDU40
OUT045,FDK15
OUT035,DRF15
OUT017,FDQ25
OUT019,FDI48
OUT046,FDS49
OUT046,FDV22
OUT046,NCV42
OUT046,FDX26
OUT018,FDI33
OUT049,FDZ14
OUT013,FDG10
OUT018,FDM38
OUT027,FDG26
OUT035,FDH46
OUT018,FDN13
OUT035,FDU57
OUT046,NCI06
OUT045,FDM38
OUT010,NCG42
OUT045,FDL39
OUT019,FDT31
OUT013,FDV59
OUT035,FDB49
OUT049,FDD58
OUT046,DRN59
OUT049,FDX48
OUT049,FDQ11
OUT049,FDY12
OUT045,FDQ11
OUT017,DRI11
OUT027,FDY32
OUT045,FDS51
OUT010,FDR19
OUT018,DRB13
OUT035,FDS21
OUT045,FDQ40
OUT013,NCE55
OUT027,FDX43
OUT049,FDS12
OUT027,DRK01
OUT017,FDN25
OUT046,FDB60
OUT017,FDQ13
OUT045,DRK13
OUT018,DRF25
OUT019,NCD42
OUT045,FDW25
OUT027,NCV29
OUT035,NCK42
OUT027,DRJ13
OUT017,DRD15
OUT045,FDM27
OUT018,FDZ50
OUT046,FDC04
OUT049,FDF50
OUT045,FDP15
OUT035,FDK46
OUT018,FDZ56
OUT049,FDY60
OUT035,FDB10
OUT045,FDR57
OUT049,FDU58
OUT046,FDH02
OUT013,FDP48
OUT035,FDI46
OUT013,FDW56
OUT010,NCM19
OUT027,FDS50
OUT013,FDK24
OUT017,FDO36
OUT027,FDK45
OUT045,NCL05
OUT018,FDL32
OUT049,FDA28
OUT018,FDY36
OUT018,FDP32
OUT046,FDL50
OUT049,DRC24
OUT017,NCS18
OUT017,FDD16
OUT013,NCV18
OUT046,FDX07
OUT027,NCZ05
OUT013,NCI31
OUT049,FDK14
OUT045,NCR06
OUT049,NCF54
OUT010,DRG23
OUT046,FDD53
OUT027,NCM31
OUT017,FDT16
OUT035,FDR40
OUT017,DRG25
OUT035,FDT10
OUT013,FDY32
OUT035,FDN50
OUT019,FDZ35
OUT045,NCP54
OUT035,NCD07
OUT018,FDS02
OUT018,DRN59
OUT013,DRB24
OUT027,FDP37
OUT018,DRB01
OUT046,FDR47
OUT010,NCM31
OUT027,NCF06
OUT027,NCV17
OUT049,FDS10
OUT035,FDN52
OUT013,FDZ48
OUT049,FDJ48
OUT027,DRB13
OUT017,FDV59
OUT035,FDL32
OUT035,FDZ12
OUT027,NCR06
OUT017,FDP51
OUT013,FDY22
OUT049,FDZ38
OUT035,NCO54
OUT035,FDR23
OUT049,FDM38
OUT013,FDS25
OUT013,FDZ22
OUT019,FDZ20
OUT010,FDD45
OUT049,FDN03
OUT046,NCW30
OUT027,FDY24
OUT019,FDJ26
OUT049,FDM15
OUT027,NCW54
OUT045,FDA23
OUT019,FDA39
OUT017,FDZ12
OUT046,NCB42
OUT046,FDL16
OUT019,FDO24
OUT046,NCP42
OUT018,FDR19
OUT045,DRL01
OUT046,FDV37
OUT010,FDI41
OUT049,FDF58
OUT018,NCF43
OUT049,FDN02
OUT035,NCP41
OUT027,NCY17
OUT027,FDL58
OUT027,NCA30
OUT018,FDE46
OUT035,FDY38
OUT027,NCH29
OUT045,FDO20
OUT018,FDP44
OUT027,FDM02
OUT027,FDJ14
OUT010,FDH04
OUT046,DRK23
OUT046,NCW05
OUT049,FDF12
OUT019,FDL51
OUT018,FDN03
OUT049,DRJ37
OUT019,FDM12
OUT045,FDA16
OUT017,NCB07
OUT019,NCI17
OUT046,FDR51
OUT045,FDJ55
OUT013,NCZ17
OUT013,FDU25
OUT045,NCG18
OUT017,DRM11
OUT035,FDH16
OUT018,FDZ04
OUT035,NCX53
OUT027,FDX38
OUT046,FDX09
OUT018,NCW05
OUT017,NCS41
OUT046,FDI26
OUT027,NCZ41
OUT046,NCK06
OUT027,FDX23
OUT046,NCA42
OUT049,FDC20
OUT018,DRC49
OUT013,FDX01
OUT045,FDC08
OUT017,FDC02
OUT045,FDK10
OUT013,DRC24
OUT019,FDW16
OUT018,NCU06
OUT045,DRA59
OUT019,FDR24
OUT018,DRL35
OUT013,FDA49
OUT046,NCC55
OUT019,DRD24
OUT049,NCE55
OUT045,FDT33
OUT013,NCT53
OUT046,FDS26
OUT018,FDL22
OUT017,FDP44
OUT018,FDC52
OUT010,FDI53
OUT046,FDZ23
OUT013,NCT18
OUT046,FDR13
OUT010,FDB09
OUT013,FDZ60
OUT046,FDB11
OUT018,FDC10
OUT035,FDW56
OUT027,FDK14
OUT027,DRE27
OUT017,FDA38
OUT045,FDT11
OUT035,FDP15
OUT035,FDV27
OUT027,FDS36
OUT027,FDY40
OUT049,NCF19
OUT045,FDF53
OUT027,FDS14
OUT046,FDE56
OUT035,FDZ19
OUT013,FDZ46
OUT046,FDR16
OUT018,FDG29
OUT017,NCE30
OUT046,FDZ40
OUT018,FDG58
OUT013,DRH03
OUT045,FDZ47
OUT018,FDV04
OUT018,FDZ10
OUT017,FDG46
OUT045,NCF07
OUT035,FDY44
OUT013,FDB21
OUT035,FDS20
OUT049,FDS49
OUT027,FDX55
OUT018,NCQ02
OUT013,FDR25
OUT045,DRG39
OUT046,FDB46
OUT018,NCC30
OUT035,FDE58
OUT019,FDC05
OUT046,FDY15
OUT046,FDG14
OUT049,FDL08
OUT013,FDQ47
OUT035,FDN12
OUT013,FDW10
OUT035,FDD02
OUT010,FDX35
OUT046,FDT35
OUT019,DRN47
OUT010,FDB11
OUT045,FDN20
OUT035,FDB59
OUT045,FDJ58
OUT046,FDU60
OUT049,FDS03
OUT019,FDU40
OUT049,DRH15
OUT027,FDD04
OUT046,FDQ01
OUT035,FDF28
OUT010,FDD22
OUT046,FDY19
OUT035,FDN33
OUT035,FDV36
OUT010,FDW01
OUT049,FDJ28
OUT035,FDB17
OUT049,FDM40
OUT045,FDV46
OUT049,FDQ44
OUT046,NCD42
OUT046,DRH37
OUT018,FDR10
OUT027,NCD06
OUT046,FDI53
OUT035,FDG16
OUT046,DRB25
OUT046,FDY09
OUT045,FDX48
OUT010,FDC03
OUT035,FDT47
OUT027,FDW44
OUT017,FDT24
OUT019,FDT12
OUT035,NCS38
OUT035,FDO39
OUT046,FDA13
OUT035,FDO48
OUT017,DRJ01
OUT018,FDD53
OUT049,NCT05
OUT045,FDQ51
OUT013,FDU60
OUT046,FDC59
OUT035,FDP36
OUT017,NCM19
OUT035,FDL16
OUT018,FDE50
OUT013,NCR18
OUT035,NCD30
OUT013,FDH31
OUT019,FDD56
OUT049,FDC47
OUT045,FDZ21
OUT049,FDM01
OUT013,FDF24
OUT017,FDW23
OUT018,FDY52
OUT027,DRH37
OUT027,DRO47
OUT049,FDR25
OUT027,FDQ24
OUT018,DRJ51
OUT035,NCU06
OUT018,NCV18
OUT027,NCC06
OUT018,FDZ01
OUT017,FDT14
OUT019,FDD11
OUT017,FDN09
OUT010,NCO18
OUT045,FDZ50
OUT013,FDS44
OUT045,FDI36
OUT010,FDA26
OUT049,NCY53
OUT049,FDF32
OUT010,FDF59
OUT046,FDB20
OUT035,DRH11
OUT049,FDT03
OUT035,NCH06
OUT049,FDR55
OUT035,FDI10
OUT045,FDZ12
OUT049,FDM12
OUT045,DRB25
OUT013,NCS41
OUT049,NCT53
OUT013,NCD55
OUT049,FDY08
OUT049,NCP55
OUT013,FDA33
OUT013,FDQ33
OUT027,FDE45
OUT013,FDT26
OUT049,NCV53
OUT027,FDK60
OUT046,NCJ29
OUT045,FDI15
OUT013,FDX21
OUT019,FDV49
OUT046,DRO59
OUT045,FDZ14
OUT027,FDP32
OUT017,FDC33
OUT010,FDT14
OUT027,NCN54
OUT027,FDR57
OUT046,DRK12
OUT049,FDX52
OUT010,FDX08
OUT010,FDP10
OUT045,NCP50
OUT013,NCL06
OUT013,FDP25
OUT013,FDE53
OUT017,FDL27
OUT049,FDC35
OUT010,DRJ47
OUT018,FDD16
OUT049,NCN42
OUT027,FDC38
OUT045,NCO07
OUT049,FDQ20
OUT046,FDI32
OUT010,FDN20
OUT027,DRJ51
OUT045,FDU08
OUT019,DRN37
OUT010,FDD05
OUT046,FDW15
OUT046,FDI52
OUT049,DRM11
OUT045,NCO06
OUT049,FDU38
OUT018,FDU59
OUT046,FDJ10
OUT049,FDM13
OUT019,NCJ30
OUT018,FDM45
OUT045,FDP36
OUT010,NCD30
OUT017,FDN48
OUT049,FDY32
OUT046,FDU47
OUT019,FDF17
OUT017,FDP34
OUT049,FDA47
OUT027,DRD27
OUT045,FDW38
OUT019,FDZ15
OUT027,FDZ03
OUT049,NCN19
OUT035,FDG02
OUT035,FDS31
OUT019,FDW43
OUT010,FDZ47
OUT017,FDO57
OUT013,NCL07
OUT013,NCV42
OUT017,FDP40
OUT019,FDP48
OUT017,FDH21
OUT049,NCP02
OUT049,FDK24
OUT045,FDC41
OUT017,FDF08
OUT017,FDO49
OUT027,FDS56
OUT018,FDX46
OUT013,FDQ07
OUT010,FDC32
OUT019,FDT21
OUT045,FDG58
OUT049,FDW14
OUT027,DRA12
OUT013,FDV27
OUT013,DRD25
OUT027,DRF48
OUT017,FDX24
OUT046,DRJ51
OUT045,FDE45
OUT046,FDE14
OUT045,FDG53
OUT046,FDT08
OUT027,DRC27
OUT035,FDG20
OUT046,FDC21
OUT018,FDV31
OUT045,FDB58
OUT046,FDV23
OUT019,FDA25
OUT046,FDC15
OUT049,FDU47
OUT013,FDE23
OUT013,FDS08
OUT027,FDW03
OUT018,FDJ60
OUT017,FDM34
OUT013,FDW33
OUT013,FDZ40
OUT018,FDE33
OUT010,NCC06
OUT046,FDU11
OUT017,FDL44
OUT017,NCZ29
OUT010,FDG28
OUT018,FDL12
OUT017,FDD52
OUT013,FDO15
OUT027,NCN29
OUT013,FDW36
OUT046,FDB21
OUT013,FDZ28
OUT035,FDY10
OUT017,DRG39
OUT013,FDN28
OUT035,FDV15
OUT035,DRI13
OUT046,FDH20
OUT013,FDY51
OUT013,FDE16
OUT018,FDX40
OUT018,FDC48
OUT046,FDS14
OUT017,FDX56
OUT046,FDI10
OUT013,FDI14
OUT013,DRM48
OUT027,NCH07
OUT013,FDY26
OUT027,FDD02
OUT046,FDM12
OUT010,DRF01
OUT046,FDV36
OUT013,DRI59
OUT018,FDV03
OUT017,FDO39
OUT018,NCB07
OUT027,FDH38
OUT035,FDZ13
OUT046,NCZ30
OUT035,NCA06
OUT049,FDB04
OUT013,FDN50
OUT049,NCG06
OUT018,NCY17
OUT046,FDC23
OUT049,FDK33
OUT049,FDR03
OUT045,FDZ07
OUT013,FDO38
OUT046,FDS59
OUT019,DRM11
OUT027,FDX52
OUT018,DRJ35
OUT046,NCP53
OUT019,FDW15
OUT045,DRI47
OUT035,DRZ11
OUT013,FDS02
OUT018,DRD49
OUT049,FDW38
OUT019,FDR21
OUT013,FDE40
OUT045,FDI02
OUT045,FDQ04
OUT017,FDY14
OUT046,NCT54
OUT017,DRD25
OUT045,DRE01
OUT010,FDJ12
OUT049,NCZ05
OUT019,DRB25
OUT045,NCC31
OUT045,FDM16
OUT049,DRG11
OUT027,FDV24
OUT046,FDV43
OUT018,FDG05
OUT010,FDV23
OUT018,FDI58
OUT017,FDQ11
OUT027,FDC05
OUT013,FDF40
OUT018,FDU02
OUT013,FDT32
OUT017,NCF06
OUT013,FDT46
OUT010,FDR58
OUT046,FDY04
OUT045,FDT58
OUT049,FDE46
OUT017,DRH11
OUT046,DRI51
OUT017,FDC35
OUT035,FDP45
OUT017,FDC45
OUT045,FDU01
OUT010,FDJ53
OUT017,FDJ46
OUT013,FDX07
OUT049,NCI30
OUT027,FDE47
OUT045,FDV48
OUT019,FDN16
OUT013,FDM52
OUT027,FDA32
OUT017,FDH05
OUT010,FDW25
OUT046,FDQ09
OUT010,NCM17
OUT046,DRM59
OUT027,FDV47
OUT035,DRE15
OUT010,FDS25
OUT018,NCZ05
OUT019,NCV05
OUT046,DRM37
OUT027,FDV58
OUT027,FDN22
OUT049,NCO06
OUT019,FDT56
OUT013,FDM02
OUT046,FDA09
OUT035,NCC06
OUT049,NCL54
OUT017,NCB55
OUT017,FDB12
OUT049,NCA54
OUT049,NCS38
OUT049,FDC02
OUT019,FDK44
OUT035,FDE16
OUT035,NCS05
OUT045,FDZ59
OUT017,FDI20
OUT046,FDQ14
OUT017,FDF53
OUT017,FDW25
OUT010,NCQ43
OUT013,FDX52
OUT045,FDE28
OUT017,FDN15
OUT017,FDO28
OUT045,FDQ33
OUT010,FDM22
OUT017,FDJ03
OUT045,FDI16
OUT027,FDI09
OUT013,FDX55
OUT027,FDS23
OUT045,DRC12
OUT049,FDH41
OUT013,FDN01
OUT045,FDV55
OUT013,NCJ19
OUT010,NCY29
OUT018,FDP03
OUT045,FDZ52
OUT010,FDH31
OUT018,FDQ19
OUT035,FDS15
OUT017,FDN32
OUT049,FDH32
OUT017,FDF33
OUT046,FDJ22
OUT010,FDG56
OUT046,FDC05
OUT013,FDK09
OUT045,NCV29
OUT019,NCC43
OUT049,NCA42
OUT046,FDC10
OUT013,FDC16
OUT013,NCL17
OUT035,FDA51
OUT017,FDW01
OUT045,NCF30
OUT013,FDN49
OUT045,FDY20
OUT045,FDC15
OUT046,FDY24
OUT017,NCG43
OUT013,FDA48
OUT017,NCF55
OUT049,FDL38
OUT018,NCQ29
OUT017,FDC34
OUT027,FDP36
OUT010,FDN50
OUT049,FDO23
OUT013,FDT56
OUT027,FDT13
OUT013,FDZ03
OUT010,FDQ03
OUT045,FDU44
OUT049,FDD03
OUT013,NCH30
OUT010,FDS60
OUT046,FDG08
OUT017,FDX38
OUT017,FDD22
OUT013,FDW51
OUT017,FDL09
OUT045,FDZ60
OUT046,NCH07
OUT049,NCQ41
OUT049,FDW04
OUT027,FDI08
OUT019,FDR19
OUT046,FDV13
OUT017,FDB52
OUT027,FDZ48
OUT049,NCO14
OUT013,FDZ50
OUT019,FDN27
OUT013,FDQ60
OUT017,FDR49
OUT027,DRJ35
OUT017,DRI49
OUT017,FDB47
OUT010,FDP37
OUT049,FDR26
OUT019,FDY31
OUT045,FDC11
OUT035,DRP47
OUT018,NCY54
OUT046,FDR27
OUT019,FDQ21
OUT035,NCQ29
OUT046,FDJ02
OUT018,FDE21
OUT046,FDM39
OUT017,FDZ01
OUT018,NCB19
OUT046,FDU03
OUT049,FDP27
OUT045,DRF01
OUT049,FDM03
OUT046,FDV01
OUT046,FDS16
OUT035,FDO45
OUT035,NCX06
OUT046,FDP13
OUT018,NCR38
OUT013,FDA01
OUT017,FDT26
OUT027,FDD44
OUT013,FDB26
OUT019,FDP45
OUT046,NCP55
OUT017,FDT23
OUT045,FDO51
OUT046,FDA44
OUT018,NCJ31
OUT045,FDX37
OUT049,NCD18
OUT027,FDN40
OUT017,FDL33
OUT035,DRF48
OUT035,FDW08
OUT018,FDX39
OUT049,FDB38
OUT018,FDY46
OUT049,NCB06
OUT035,FDA34
OUT045,FDA35
OUT035,FDQ07
OUT045,FDU32
OUT013,FDU26
OUT010,FDU13
OUT035,FDO09
OUT019,FDW03
OUT013,FDB38
OUT010,FDL26
OUT045,NCN43
OUT045,FDH08
OUT019,NCC31
OUT035,FDH14
OUT017,FDL40
OUT035,FDD20
OUT035,NCV53
OUT045,FDD16
OUT035,FDP24
OUT045,FDQ25
OUT035,FDM38
OUT010,NCT18
OUT049,FDM34
OUT010,DRH37
OUT013,NCE07
OUT013,FDG12
OUT010,FDB59
OUT018,FDS10
OUT010,FDN21
OUT045,FDM02
OUT049,FDO44
OUT017,NCN17
OUT018,FDH16
OUT046,FDL44
OUT017,FDY47
OUT046,DRI39
OUT018,NCX54
OUT046,FDE59
OUT045,FDO46
OUT046,DRE13
OUT013,FDW14
OUT046,FDF35
OUT019,FDO50
OUT017,DRF49
OUT049,FDT60
OUT045,FDP38
OUT027,FDA31
OUT010,FDY52
OUT027,FDD03
OUT018,FDN52
OUT010,FDU20
OUT035,FDD22
OUT019,NCB55
OUT045,FDN27
OUT013,FDD16
OUT046,FDW48
OUT045,DRN35
OUT049,FDX25
OUT049,DRD49
OUT019,FDE21
OUT035,FDN44
OUT049,DRC01
OUT046,NCK30
OUT013,FDU39
OUT013,FDB49
OUT045,FDS12
OUT018,FDR57
OUT027,FDX22
OUT013,FDC60
OUT049,NCE42
OUT049,NCK42
OUT017,DRE01
OUT018,FDE57
OUT019,DRK59
OUT027,FDB10
OUT046,FDQ25
OUT017,FDY26
OUT049,FDG28
OUT049,FDM14
OUT049,NCH29
OUT049,FDD48
OUT045,FDC17
OUT027,DRH49
OUT018,FDN44
OUT045,FDC29
OUT019,DRK01
OUT017,FDD48
OUT013,FDB59
OUT010,FDY45
OUT035,FDX60
OUT010,FDT09
OUT018,DRB24
OUT035,FDL13
OUT035,FDN16
OUT013,FDK57
OUT027,FDO22
OUT010,FDC57
OUT027,FDZ13
OUT013,FDW27
OUT049,FDX10
OUT018,FDY08
OUT017,FDA49
OUT018,FDC32
OUT035,FDO04
OUT013,NCZ54
OUT045,FDY40
OUT045,FDW36
OUT017,FDE11
OUT045,DRE37
OUT017,NCK19
OUT035,FDT19
OUT045,FDE56
OUT010,FDZ57
OUT035,FDB35
OUT010,FDF09
OUT046,FDO34
OUT046,FDA55
OUT035,NCM18
OUT019,FDJ20
OUT019,DRQ35
OUT013,FDG02
OUT018,NCU29
OUT027,FDL27
OUT035,NCA54
OUT035,FDJ32
OUT019,FDB21
OUT035,FDR46
OUT046,FDZ32
OUT017,DRF36
OUT017,NCU54
OUT017,NCI31
OUT035,DRA59
OUT045,NCC55
OUT018,FDE44
OUT018,NCN26
OUT049,FDC11
OUT035,FDV24
OUT019,FDR40
OUT049,NCQ17
OUT045,FDC46
OUT046,NCM18
OUT046,FDK16
OUT017,FDI28
OUT018,FDS11
OUT046,DRD13
OUT035,FDL36
OUT013,FDI27
OUT019,FDJ53
OUT045,FDS44
OUT046,FDE28
OUT018,FDQ33
OUT017,FDB37
OUT045,FDQ31
OUT046,NCQ05
OUT013,FDE10
OUT017,FDF38
OUT019,FDE50
OUT010,DRG37
OUT049,NCH06
OUT045,FDY14
OUT017,FDO27
OUT049,FDQ19
OUT019,FDZ26
OUT013,FDN51
OUT035,FDK20
OUT018,FDD40
OUT018,DRI25
OUT017,FDH56
OUT027,FDI36
OUT018,DRH11
OUT017,NCV18
OUT049,DRI01
OUT049,DRE48
OUT035,FDS51
OUT017,FDM38
OUT027,FDB60
OUT035,FDY58
OUT045,FDY22
OUT027,FDF11
OUT035,FDZ51
OUT017,FDQ45
OUT035,FDF17
OUT027,NCF31
OUT013,FDA37
OUT046,FDO51
OUT013,FDF34
OUT018,FDD57
OUT046,FDO37
OUT049,FDR49
OUT049,FDS39
OUT027,FDI48
OUT049,DRM35
OUT035,FDV57
OUT013,FDZ55
OUT035,FDI28
OUT045,FDS21
OUT013,FDT34
OUT035,DRI25
OUT010,FDT47
OUT045,DRH39
OUT045,NCD54
OUT027,FDU16
OUT045,NCW29
OUT027,FDV25
OUT035,FDM56
OUT027,FDZ04
OUT019,FDG59
OUT045,FDI56
OUT035,FDS33
OUT049,FDC23
OUT049,FDT11
OUT045,FDG17
OUT045,FDZ44
OUT013,FDJ52
OUT046,DRI23
OUT010,DRE15
OUT013,NCF07
OUT049,NCR29
OUT019,FDE44
OUT035,FDT23
OUT017,NCG06
OUT010,NCU41
OUT017,FDH46
OUT013,FDV31
OUT027,NCT41
OUT027,FDE22
OUT045,FDC26
OUT017,DRF51
OUT019,NCY53
OUT017,FDY21
OUT013,FDL27
OUT049,FDZ34
OUT010,NCF43
OUT035,FDC21
OUT013,FDL26
OUT010,FDT25
OUT046,NCR30
OUT019,DRL23
OUT049,NCR05
OUT018,NCE19
OUT035,FDY07
OUT017,FDB10
OUT013,FDP57
OUT019,FDU48
OUT035,FDH48
OUT035,FDO33
OUT045,NCU29
OUT046,FDW35
OUT010,FDH05
OUT049,FDP26
OUT035,DRG27
OUT046,FDQ33
OUT010,FDH20
OUT046,FDV14
OUT046,DRD01
OUT049,NCI17
OUT010,FDF39
OUT046,FDX37
OUT035,NCX17
OUT013,FDN03
OUT010,NCS41
OUT045,FDH34
OUT018,NCX53
OUT046,FDY31
OUT017,FDD20
OUT045,FDE51
OUT046,FDV27
OUT035,FDF16
OUT049,FDZ02
OUT045,NCK05
OUT027,FDM12
OUT018,NCA05
OUT045,FDX33
OUT049,FDM25
OUT018,FDE41
OUT045,FDW14
OUT046,NCD30
OUT010,FDB23
OUT046,FDF45
OUT017,FDW20
OUT045,FDF47
OUT019,NCR05
OUT046,DRB01
OUT013,FDE36
OUT049,FDU56
OUT049,FDB23
OUT049,FDN48
OUT013,FDS43
OUT013,NCN05
OUT049,NCL53
OUT046,FDL56
OUT018,FDH17
OUT046,FDP37
OUT019,FDG09
OUT045,FDA55
OUT049,FDX31
OUT045,FDJ41
OUT045,DRC24
OUT035,FDQ21
OUT045,NCT54
OUT049,FDH08
OUT018,FDY38
OUT010,DRM11
OUT049,FDG32
OUT046,NCH18
OUT035,FDI20
OUT018,FDA33
OUT013,FDN45
OUT010,FDT45
OUT035,FDR32
OUT017,FDA48
OUT017,FDN23
OUT035,NCR18
OUT046,FDD45
OUT018,FDI22
OUT013,FDT09
OUT027,DRC24
OUT046,FDT39
OUT045,FDX28
OUT018,FDA50
OUT027,FDT33
OUT049,FDQ60
OUT018,NCM19
OUT046,FDF40
OUT035,NCI30
OUT049,FDK34
OUT027,FDA38
OUT045,FDT02
OUT017,FDC11
OUT046,FDD08
OUT046,NCS29
OUT010,DRI03
OUT035,FDK48
OUT049,FDM52
OUT035,FDP49
OUT046,DRA24
OUT049,NCJ43
OUT045,FDE11
OUT049,FDP01
OUT018,FDQ59
OUT019,FDA43
OUT017,FDL14
OUT010,FDV50
OUT027,FDT01
OUT035,NCC42
OUT046,FDO28
OUT019,FDD32
OUT035,FDV45
OUT019,NCW17
OUT027,NCJ17
OUT049,NCF18
OUT045,FDP01
OUT045,FDH24
OUT027,FDI38
OUT035,FDX03
OUT046,FDY28
OUT018,FDN34
OUT045,FDJ02
OUT019,FDW40
OUT017,FDX03
OUT027,FDE17
OUT046,FDT58
OUT013,FDI38
OUT035,FDW22
OUT027,FDS15
OUT013,NCX06
OUT035,DRK47
OUT027,FDC23
OUT010,FDM56
OUT046,FDP21
OUT046,FDP58
OUT019,FDA27
OUT019,FDK41
OUT046,NCH42
OUT045,FDG29
OUT018,FDW15
OUT018,FDD28
OUT049,FDQ37
OUT035,FDC23
OUT035,FDV13
OUT046,FDK33
OUT013,FDO33
OUT017,FDN21
OUT027,NCW06
OUT035,FDI38
OUT027,FDC21
OUT046,NCS05
OUT049,NCN53
OUT010,FDV40
OUT017,FDG60
OUT027,NCY30
OUT045,FDM40
OUT046,NCO30
OUT046,FDK10
OUT045,FDM36
OUT013,FDN10
OUT018,FDM46
OUT049,FDX50
OUT045,FDP33
OUT045,FDO12
OUT013,FDC28
OUT045,FDO31
OUT035,FDX45
OUT049,FDV21
OUT049,FDH04
OUT013,NCG54
OUT046,FDO13
OUT027,FDA09
OUT017,FDC38
OUT046,NCO42
OUT049,FDL45
OUT013,NCK31
OUT017,FDM39
OUT010,FDC22
OUT046,FDF46
OUT045,FDQ37
OUT010,FDH41
OUT046,FDQ04
OUT027,NCQ02
OUT027,FDJ57
OUT049,NCE07
OUT013,FDE56
OUT049,FDI20
OUT018,FDK36
OUT027,FDP08
OUT017,FDF44
OUT017,NCU53
OUT035,FDF47
OUT010,FDS55
OUT010,FDZ52
OUT018,FDL04
OUT035,NCM26
OUT049,FDX43
OUT049,FDP52
OUT045,DRK49
OUT013,FDE38
OUT035,DRF13
OUT010,FDK41
OUT027,FDJ04
OUT018,FDZ44
OUT013,FDS11
OUT049,FDA55
OUT046,NCW53
OUT027,FDB49
OUT017,FDD23
OUT045,NCV42
OUT018,NCZ29
OUT013,FDQ26
OUT017,FDV08
OUT049,FDC53
OUT010,FDV58
OUT019,NCP02
OUT045,DRI37
OUT049,FDQ12
OUT046,FDE33
OUT045,FDX27
OUT017,FDM22
OUT019,NCH30
OUT017,FDC04
OUT046,FDO38
OUT027,FDV52
OUT013,FDB32
OUT018,FDV43
OUT018,FDI24
OUT017,FDR40
OUT049,FDW02
OUT049,FDE44
OUT046,FDL38
OUT010,NCT54
OUT010,DRJ39
OUT049,FDW55
OUT019,DRF13
OUT049,NCW17
OUT035,FDP13
OUT018,FDS08
OUT035,NCP17
OUT035,NCO53
OUT045,FDH19
OUT017,FDJ04
OUT049,FDG10
OUT010,FDA40
OUT045,FDI53
OUT010,FDU09
OUT045,FDK60
OUT017,FDR43
OUT017,FDW22
OUT010,DRP47
OUT010,DRG48
OUT035,FDA14
OUT013,FDU49
OUT045,FDK28
OUT046,FDT19
OUT045,NCQ42
OUT045,FDD03
OUT013,NCM53
OUT045,NCX53
OUT027,FDV14
OUT017,NCZ54
OUT013,FDB39
OUT046,DRC24
OUT013,FDY36
OUT035,FDN01
OUT046,DRH25
OUT046,FDV08
OUT049,NCP53
OUT010,FDU52
OUT045,NCI42
OUT035,FDZ14
OUT046,FDF11
OUT018,FDQ13
OUT010,FDO32
OUT018,DRJ37
OUT046,FDY43
OUT017,NCT41
OUT045,NCV17
OUT027,FDM04
OUT018,DRB48
OUT013,FDM24
OUT049,FDT37
OUT010,NCO05
OUT046,FDL13
OUT017,FDL15
OUT018,FDB11
OUT019,FDL14
OUT019,FDY10
OUT049,FDJ40
OUT046,NCW18
OUT013,NCY06
OUT018,DRE13
OUT045,FDA26
OUT010,NCE19
OUT035,FDE33
OUT027,DRL59
OUT046,FDY07
OUT018,FDF57
OUT035,FDM58
OUT027,FDP26
OUT046,FDY32
OUT010,FDD51
OUT018,FDU22
OUT018,FDZ49
OUT017,NCI42
OUT027,FDT04
OUT045,NCU41
OUT045,FDS56
OUT017,NCN42
OUT046,FDK34
OUT017,FDB03
OUT035,DRJ25
OUT027,FDT25
OUT013,FDN20
OUT013,FDP09
OUT019,FDM20
OUT046,NCG55
OUT045,NCP14
OUT046,NCH06
OUT013,FDV52
OUT035,NCL07
OUT027,DRJ11
OUT013,DRO59
OUT010,FDW15
OUT035,NCQ30
OUT019,NCN54
OUT027,FDY01
OUT035,FDX39
OUT027,FDH53
OUT035,FDA57
OUT010,NCC07
OUT013,FDU28
OUT010,FDK36
OUT018,FDR36
OUT035,NCQ17
OUT019,FDS28
OUT045,FDE08
OUT046,FDU22
OUT045,FDG41
OUT010,FDO31
OUT019,FDM21
OUT017,FDU40
OUT018,FDV36
OUT027,FDT10
OUT045,FDX38
OUT027,NCU30
OUT049,NCV06
OUT035,FDT16
OUT027,NCP41
OUT017,FDZ56
OUT035,FDC22
OUT035,FDU10
OUT045,FDS46
OUT049,FDO08
OUT018,NCV42
OUT035,FDP33
OUT046,FDJ12
OUT045,FDH04
OUT013,NCU54
OUT010,FDO36
OUT027,FDT37
OUT010,FDD14
OUT013,FDA16
OUT019,NCS42
OUT019,FDP10
OUT049,FDQ28
OUT010,FDK57
OUT013,FDK02
OUT018,FDW47
OUT018,NCC42
OUT018,FDQ37
OUT046,FDL40
OUT010,DRE13
OUT027,FDQ34
OUT046,NCB54
OUT049,FDS48
OUT045,FDO15
OUT013,NCT30
OUT027,FDU49
OUT046,FDE21
OUT019,FDS49
OUT027,FDT38
OUT045,FDZ01
OUT035,FDC41
OUT010,DRG13
OUT018,NCZ42
OUT045,NCM07
OUT018,NCV17
OUT035,DRK39
OUT018,FDS37
OUT019,FDV12
OUT018,NCG19
OUT013,FDS51
OUT046,NCO14
OUT046,FDC38
OUT046,FDN15
OUT013,NCH42
OUT046,FDQ22
OUT013,FDC05
OUT013,FDZ31
OUT049,DRJ23
OUT035,FDC52
OUT010,DRD12
OUT017,FDV55
OUT046,FDD32
OUT049,FDR01
OUT019,FDY08
OUT045,FDQ45
OUT027,DRN11
OUT018,NCS05
OUT035,FDY32
OUT045,NCD31
OUT049,NCE06
OUT046,NCP14
OUT019,NCF18
OUT018,FDF14
OUT017,FDB22
OUT049,NCH54
OUT035,FDU27
OUT027,FDS58
OUT035,NCU29
OUT013,FDJ57
OUT049,FDL56
OUT035,FDH60
OUT018,FDN24
OUT017,FDD02
OUT017,FDP15
OUT027,FDB28
OUT045,DRC49
OUT018,NCG30
OUT049,FDJ14
OUT045,FDL52
OUT027,NCG19
OUT035,NCN41
OUT013,FDW22
OUT013,FDI02
OUT045,FDV51
OUT046,FDV48
OUT019,NCL17
OUT045,FDP46
OUT045,FDU10
OUT010,FDT37
OUT035,FDI27
OUT046,FDN51
OUT035,FDW07
OUT049,FDN45
OUT027,DRN37
OUT049,DRF48
OUT019,FDP38
OUT027,NCX18
OUT018,FDK45
OUT049,FDZ37
OUT018,FDS50
OUT018,NCR54
OUT035,NCS17
OUT046,FDV31
OUT017,DRE27
OUT013,FDN60
OUT013,FDK26
OUT018,FDX37
OUT046,FDW31
OUT018,FDX26
OUT019,DRL49
OUT017,FDU49
OUT046,FDY58
OUT045,FDN03
OUT010,NCV06
OUT045,FDH53
OUT018,FDG31
OUT045,NCC06
OUT049,FDS13
OUT035,FDP16
OUT013,FDA35
OUT018,DRP47
OUT010,FDY28
OUT035,FDY20
OUT017,NCH30
OUT019,NCR29
OUT013,NCP05
OUT019,NCF30
OUT035,FDA08
OUT027,FDN51
OUT046,FDH12
OUT017,FDY39
OUT045,NCO53
OUT046,FDB40
OUT049,FDH02
OUT027,FDY11
OUT019,FDQ09
OUT013,FDP16
OUT018,NCF55
OUT027,FDY09
OUT045,FDY39
OUT049,NCU53
OUT049,NCT41
OUT046,FDJ45
OUT013,FDR28
OUT013,FDN08
OUT049,FDJ07
OUT027,FDZ09
OUT017,FDQ14
OUT027,FDY12
OUT046,FDK57
OUT049,FDD20
OUT018,FDS36
OUT049,FDI40
OUT045,FDJ40
OUT013,FDE08
OUT013,DRK01
OUT049,FDC58
OUT046,FDE50
OUT035,FDX48
OUT018,DRM35
OUT013,FDG41
OUT046,FDB52
OUT045,FDV19
OUT017,DRG48
OUT013,FDI26
OUT019,FDU11
OUT019,FDF59
OUT049,FDR07
OUT017,NCE06
OUT046,FDE10
OUT046,NCO55
OUT013,FDZ13
OUT017,FDT50
OUT010,FDH12
OUT045,FDD21
OUT013,NCM05
OUT013,FDK04
OUT017,FDN33
OUT010,NCM18
OUT049,DRC25
OUT017,FDT47
OUT027,FDD45
OUT018,NCD07
OUT010,NCY54
OUT049,FDL12
OUT017,FDL02
OUT035,FDC60
OUT017,FDR37
OUT017,FDY16
OUT045,FDU26
OUT013,FDN24
OUT013,FDH44
OUT010,FDE23
OUT017,FDW60
OUT049,FDQ55
OUT027,FDV32
OUT010,FDV03
OUT010,FDY14
OUT027,NCL55
OUT017,DRF25
OUT046,FDX03
OUT045,FDF40
OUT010,FDX24
OUT049,FDA25
OUT018,FDH21
OUT010,FDB47
OUT019,FDT34
OUT010,FDS39
OUT046,NCU05
OUT049,FDE02
OUT035,FDL25
OUT049,FDC50
OUT049,FDZ32
OUT045,FDV14
OUT045,FDR07
OUT049,FDB26
OUT045,NCR50
OUT018,FDP01
OUT045,FDH57
OUT027,FDM60
OUT017,FDA45
OUT017,FDU55
OUT035,FDH40
OUT019,FDG40
OUT049,FDT12
OUT045,DRL59
OUT018,FDT47
OUT017,FDI60
OUT027,DRF51
OUT049,NCK31
OUT045,FDB08
OUT035,FDM44
OUT018,FDD46
OUT019,FDR27
OUT010,FDV56
OUT049,FDM02
OUT018,FDU45
OUT017,FDZ10
OUT010,NCK31
OUT035,FDR27
OUT013,FDF33
OUT046,FDJ36
OUT049,FDP33
OUT046,FDG17
OUT027,FDG47
OUT046,NCW29
OUT017,DRH59
OUT017,FDR32
OUT035,FDP48
OUT035,FDG17
OUT017,DRJ59
OUT027,FDY48
OUT046,FDB02
OUT019,FDN10
OUT035,NCD55
OUT013,FDX34
OUT045,FDZ38
OUT049,DRF37
OUT019,DRL47
OUT035,FDL27
OUT035,NCP53
OUT019,FDT03
OUT035,FDJ28
OUT018,FDF40
OUT035,FDA32
OUT017,NCP02
OUT045,FDZ31
OUT013,NCQ29
OUT010,FDP57
OUT027,FDL32
OUT035,DRB01
OUT046,FDJ40
OUT018,FDO24
OUT018,FDO11
OUT035,FDA56
OUT045,FDF02
OUT013,FDA10
OUT017,NCI55
OUT010,FDZ40
OUT049,FDV08
OUT013,FDN48
OUT017,FDU57
OUT013,DRF49
OUT035,FDS02
OUT046,FDS43
OUT013,FDT16
OUT027,FDX19
OUT046,FDK15
OUT049,DRA12
OUT017,FDY35
OUT013,NCU42
OUT013,FDD26
OUT018,FDR11
OUT045,NCP53
OUT045,FDP34
OUT019,NCV41
OUT018,FDN20
OUT018,FDZ16
OUT049,FDZ28
OUT013,NCL55
OUT046,NCJ17
OUT046,FDT37
OUT049,FDV51
OUT035,FDZ28
OUT013,FDN27
OUT019,FDS14
OUT045,FDZ58
OUT046,FDD46
OUT035,FDJ03
OUT010,FDU03
OUT027,FDA33
OUT035,NCW53
OUT017,NCC55
OUT019,FDP52
OUT049,FDE39
OUT035,FDB44
OUT013,FDG59
OUT013,FDI05
OUT045,FDF59
OUT019,FDM39
OUT013,FDB14
OUT019,NCS05
OUT045,DRJ35
OUT019,FDO31
OUT046,FDA31
OUT049,FDX40
OUT045,FDW56
OUT018,FDH09
OUT019,FDA52
OUT019,FDF20
OUT046,FDE40
OUT046,NCU17
OUT035,NCP14
OUT027,FDN25
OUT049,FDU39
OUT017,NCM05
OUT017,FDU07
OUT049,FDF28
OUT049,FDR57
OUT013,FDJ33
OUT035,DRH23
OUT046,FDQ52
OUT035,DRK13
OUT046,FDP09
OUT027,FDR08
OUT045,FDV50
OUT049,FDT13
OUT027,FDJ27
OUT046,FDH21
OUT027,FDW14
OUT049,FDL52
OUT017,FDW28
OUT049,FDL40
OUT046,FDE24
OUT049,FDX35
OUT017,FDP46
OUT045,FDX56
OUT049,FDQ45
OUT027,FDK50
OUT045,FDY26
OUT017,FDQ09
OUT049,FDN39
OUT017,FDP13
OUT013,FDR51
OUT010,FDZ49
OUT018,FDL28
OUT035,FDZ10
OUT013,FDK38
OUT027,DRL49
OUT013,FDR15
OUT035,FDQ24
OUT013,FDD56
OUT046,NCR42
OUT045,FDH52
OUT019,FDH57
OUT010,FDR15
OUT035,FDJ34
OUT035,FDW37
OUT018,FDQ23
OUT013,FDP34
OUT027,FDE04
OUT045,FDC48
OUT019,FDA47
OUT018,FDI35
OUT013,NCV05
OUT045,FDR28
OUT017,FDH31
OUT019,FDP59
OUT018,FDS19
OUT045,FDM60
OUT018,FDJ44
OUT017,DRH51
OUT017,DRC25
OUT013,DRE25
OUT049,NCX05
OUT017,FDR11
OUT045,DRP47
OUT019,DRC49
OUT027,FDQ47
OUT013,FDL20
OUT035,FDM34
OUT013,NCN55
OUT035,FDD41
OUT049,FDE52
OUT019,NCT18
OUT018,FDJ32
OUT046,FDE16
OUT045,FDZ09
OUT046,DRZ11
OUT049,FDK41
OUT049,FDE56
OUT013,FDH34
OUT013,DRI49
OUT046,DRI59
OUT049,DRC36
OUT019,FDS15
OUT018,FDI07
OUT018,FDZ15
OUT027,NCX41
OUT019,NCO29
OUT013,FDF57
OUT035,FDI33
OUT049,DRJ47
OUT046,FDB34
OUT027,FDY22
OUT017,DRL11
OUT035,FDY46
OUT013,FDG17
OUT018,FDE52
OUT027,DRP47
OUT010,FDO01
OUT046,FDL09
OUT013,FDR57
OUT035,DRD37
OUT027,FDQ36
OUT049,FDL33
OUT045,FDL48
OUT049,FDL28
OUT046,NCN29
OUT035,FDO13
OUT045,FDB38
OUT035,FDI36
OUT035,FDI58
OUT018,FDH22
OUT013,FDQ27
OUT046,FDT33
OUT045,FDC56
OUT046,FDF14
OUT017,FDQ39
OUT017,NCM43
OUT035,FDS46
OUT049,FDI22
OUT045,NCE43
OUT010,FDZ36
OUT019,FDR13
OUT018,FDP46
OUT019,FDW56
OUT017,FDB40
OUT018,FDM28
OUT013,FDV49
OUT018,NCS53
OUT049,FDO03
OUT035,FDT15
OUT049,FDD33
OUT017,FDX13
OUT013,FDH60
OUT046,DRH51
OUT049,NCL07
OUT045,FDW51
OUT019,FDF21
OUT019,FDH26
OUT049,FDJ03
OUT017,FDU35
OUT018,DRL01
OUT045,FDE59
OUT035,FDI60
OUT035,DRH39
OUT049,FDK36
OUT045,FDN52
OUT017,FDU12
OUT027,NCT05
OUT027,FDS37
OUT017,FDK24
OUT013,DRF36
OUT010,FDN46
OUT045,NCN06
OUT035,FDD59
OUT045,FDM14
OUT018,FDO10
OUT013,FDU35
OUT018,NCA30
OUT049,NCO41
OUT046,FDI24
OUT046,FDZ16
OUT046,FDV47
OUT045,FDV16
OUT035,FDZ22
OUT010,FDO20
OUT013,FDW38
OUT045,FDW52
OUT019,FDT43
OUT045,NCS29
OUT017,NCC31
OUT017,FDA21
OUT046,FDQ55
OUT049,NCE54
OUT017,FDD45
OUT017,NCP17
OUT035,FDR47
OUT013,DRM35
OUT019,FDR47
OUT010,FDX19
OUT027,FDV22
OUT027,FDQ46
OUT045,DRO47
OUT010,FDB44
OUT010,FDN02
OUT045,FDW10
OUT019,FDJ41
OUT046,FDM50
OUT035,FDW10
OUT049,FDY48
OUT027,NCE30
OUT045,FDO04
OUT010,FDQ26
OUT018,NCX29
OUT046,FDE39
OUT027,NCR54
OUT027,NCP55
OUT017,FDX22
OUT035,FDI05
OUT027,FDC51
OUT013,FDC10
OUT045,FDJ46
OUT010,FDV10
OUT027,FDX12
OUT019,FDL43
OUT046,DRB13
OUT027,FDF59
OUT049,FDT35
OUT035,NCJ19
OUT018,FDT35
OUT046,FDI48
OUT019,DRC24
OUT017,NCZ05
OUT049,FDJ57
OUT017,FDX11
OUT035,FDE09
OUT049,NCK06
OUT017,DRE37
OUT046,FDV56
OUT017,FDY43
OUT013,FDV35
OUT019,FDF05
OUT035,FDA36
OUT027,FDS13
OUT013,FDU47
OUT010,FDI36
OUT046,FDH48
OUT013,FDZ14
OUT013,FDS46
OUT017,FDE21
OUT049,FDA26
OUT046,FDV12
OUT019,FDL46
OUT013,FDN57
OUT017,NCJ18
OUT045,FDO36
OUT018,FDX55
OUT019,FDT25
OUT049,FDD16
OUT013,NCX18
OUT018,NCG55
OUT049,NCV18
OUT035,NCS18
OUT045,FDC37
OUT046,FDE47
OUT019,DRG49
OUT049,FDC39
OUT019,FDH24
OUT027,FDV39
OUT045,NCL17
OUT035,NCY53
OUT013,FDH52
OUT018,NCD19
OUT046,FDI44
OUT027,DRD49
OUT035,FDN08
OUT027,FDO20
OUT046,FDY02
OUT045,FDX23
OUT017,FDX01
OUT027,FDH20
OUT017,NCX41
OUT027,FDD21
OUT019,DRH11
OUT018,DRE60
OUT013,FDB10
OUT013,FDH38
OUT018,NCL07
OUT046,FDD48
OUT027,NCT54
OUT027,FDF32
OUT045,DRH51
OUT035,DRG03
OUT019,NCY42
OUT017,FDH32
OUT027,NCJ06
OUT027,FDH47
OUT018,FDZ08
OUT017,FDK16
OUT018,DRG01
OUT027,NCM53
OUT035,NCB07
OUT035,NCZ06
OUT049,FDU48
OUT027,NCB55
OUT013,FDP15
OUT046,FDF17
OUT049,NCN06
OUT018,DRM48
OUT046,FDH10
OUT018,FDC60
OUT018,FDE35
OUT013,DRI23
OUT013,NCR38
OUT035,FDP04
OUT045,NCW17
OUT017,FDX34
OUT045,NCK53
OUT010,NCO54
OUT046,NCH55
OUT027,FDT44
OUT046,DRG49
OUT010,FDX46
OUT049,DRG36
OUT049,FDU37
OUT049,FDK10
OUT027,DRF37
OUT035,FDC44
OUT046,FDP15
OUT027,FDZ27
OUT019,FDY22
OUT035,DRG51
OUT045,FDN58
OUT049,FDW01
OUT018,FDX24
OUT017,FDO51
OUT027,FDJ52
OUT010,NCY06
OUT018,FDE20
OUT010,FDT23
OUT046,FDQ51
OUT046,FDE35
OUT013,FDB46
OUT035,NCG19
OUT018,NCL06
OUT019,FDT36
OUT049,FDC56
OUT049,FDJ26
OUT017,FDZ59
OUT027,FDV11
OUT010,FDR13
OUT018,FDI15
OUT018,FDF47
OUT019,NCB54
OUT027,NCK19
OUT017,FDX16
OUT045,FDL50
OUT035,NCE31
OUT049,DRJ01
OUT013,FDE22
OUT019,FDY20
OUT045,NCO14
OUT017,NCR50
OUT017,DRM47
OUT010,FDO27
OUT027,FDJ20
OUT013,NCX17
OUT049,FDG59
OUT045,FDD52
OUT017,FDO48
OUT019,FDC59
OUT018,FDS15
OUT035,FDB47
OUT019,FDV14
OUT013,FDB27
OUT035,FDA35
OUT018,FDN51
OUT019,FDO39
OUT049,FDB28
OUT046,DRJ25
OUT027,FDH46
OUT045,FDI10
OUT018,FDU21
OUT049,FDD09
OUT046,FDD10
OUT010,FDN31
OUT018,FDA46
OUT046,FDM56
OUT010,FDF11
OUT018,FDS32
OUT013,NCM06
OUT045,FDZ26
OUT013,FDO01
OUT049,FDJ46
OUT019,FDG26
OUT035,FDZ38
OUT013,NCO55
OUT035,FDT60
OUT049,FDW37
OUT018,NCK42
OUT046,FDA45
OUT018,FDW55
OUT017,FDY44
OUT017,FDQ31
OUT049,FDM09
OUT018,FDH12
OUT035,NCQ43
OUT035,FDT33
OUT018,NCT41
OUT010,DRJ25
OUT046,NCQ41
OUT049,NCN17
OUT027,DRO35
OUT018,FDU27
OUT027,FDY43
OUT035,FDG46
OUT018,DRL49
OUT049,NCB55
OUT049,FDK28
OUT045,FDO49
OUT013,FDT03
OUT027,FDW33
OUT035,FDR02
OUT013,FDF50
OUT018,FDA40
OUT018,NCT53
OUT035,FDY60
OUT027,FDP44
OUT045,NCQ50
OUT017,NCC30
OUT018,FDQ60
OUT046,FDG41
OUT046,FDQ03
OUT045,FDM03
OUT018,FDZ51
OUT035,DRF51
OUT017,FDF39
OUT035,FDW52
OUT049,FDY22
OUT013,FDG14
OUT017,FDA57
OUT019,FDL45
OUT046,FDX28
OUT013,NCQ54
OUT045,FDH40
OUT035,FDU52
OUT010,FDT60
OUT045,FDK08
OUT049,FDN04
OUT013,FDE50
OUT049,FDI16
OUT049,FDM50
OUT049,NCV30
OUT013,FDT44
OUT013,FDY60
OUT017,FDT56
OUT018,FDV58
OUT013,FDU04
OUT027,NCN05
OUT018,FDI53
OUT046,FDD34
OUT027,FDW47
OUT027,FDT51
OUT013,FDO27
OUT018,NCQ18
OUT013,NCW05
OUT010,FDI15
OUT010,NCH43
OUT049,FDT40
OUT017,NCG19
OUT035,NCM30
OUT017,FDB38
OUT046,FDB22
OUT046,FDC58
OUT013,NCI29
OUT010,FDA23
OUT013,DRG48
OUT013,FDV21
OUT019,NCG18
OUT045,FDG40
OUT018,FDU24
OUT049,FDA22
OUT046,FDY35
OUT045,FDJ15
OUT018,NCW18
OUT018,FDK56
OUT046,FDF44
OUT049,FDP51
OUT027,FDU22
OUT017,FDM28
OUT046,NCL42
OUT019,FDJ15
OUT018,FDI32
OUT046,DRL11
OUT018,DRO59
OUT019,FDA07
OUT013,NCO53
OUT045,FDO21
OUT045,FDW39
OUT013,NCV17
OUT046,FDE22
OUT018,NCB06
OUT017,DRF48
OUT013,FDB05
OUT027,FDP28
OUT046,FDP23
OUT018,NCS41
OUT018,FDS40
OUT017,FDA16
OUT035,FDN20
OUT027,FDF04
OUT018,DRG36
OUT018,FDW16
OUT017,FDU09
OUT046,FDW01
OUT045,FDB15
OUT049,NCJ17
OUT018,NCT18
OUT018,FDG16
OUT017,FDP27
OUT027,FDQ44
OUT027,FDL50
OUT027,FDW57
OUT013,FDS34
OUT035,NCV30
OUT018,FDD26
OUT045,FDA03
OUT018,FDS27
OUT013,FDM12
OUT027,NCV42
OUT046,NCS41
OUT018,FDN56
OUT046,DRK59
OUT046,NCG18
OUT017,NCN26
OUT027,FDI60
OUT049,NCI43
OUT049,NCL17
OUT019,FDQ19
OUT049,FDY43
OUT049,FDR36
OUT049,FDJ58
OUT045,DRY23
OUT027,FDK26
OUT045,DRH03
OUT010,FDC10
OUT013,FDD23
OUT045,FDP32
OUT035,FDO31
OUT013,FDQ57
OUT027,FDX32
OUT027,FDC39
OUT046,FDU55
OUT013,FDL45
OUT049,DRK37
OUT013,FDK22
OUT027,DRG37
OUT017,FDK22
OUT018,DRH36
OUT018,DRC36
OUT027,DRE03
OUT046,FDF34
OUT046,FDZ22
OUT010,FDC44
OUT027,FDN31
OUT017,FDO03
OUT049,FDA01
OUT049,NCH42
OUT018,FDF46
OUT046,DRL35
OUT049,FDW46
OUT046,FDB58
OUT018,FDD47
OUT045,NCO17
OUT017,FDJ26
OUT045,FDU37
